"spec","target_label","target_size","ate_climate_behavior"
"baseline","belief_concern",1,0.205910269493496
"baseline","harm_present",1,0.195092169205424
"baseline","harm_future",1,0.132193852909441
"baseline","weather_risk_prep",1,0.0927883702055787
"baseline","social_norms",1,0.0570726895817288
"baseline","trust_science",1,0.0341862949302955
"baseline","policy_support",1,0.0161971092740782
"baseline","belief_concern+harm_present",2,0.238121440102385
"baseline","belief_concern+harm_future",2,0.224926998521491
"baseline","belief_concern+weather_risk_prep",2,0.255235041793041
"baseline","belief_concern+social_norms",2,0.230435444092934
"baseline","belief_concern+trust_science",2,0.212980390202409
"baseline","belief_concern+policy_support",2,0.210373137302733
"baseline","harm_present+harm_future",2,0.203244150655609
"baseline","harm_present+weather_risk_prep",2,0.24837624391964
"baseline","harm_present+social_norms",2,0.252164858787153
"baseline","harm_present+trust_science",2,0.22927846413572
"baseline","harm_present+policy_support",2,0.211289278479503
"baseline","harm_future+weather_risk_prep",2,0.199864932331973
"baseline","harm_future+social_norms",2,0.181114561040985
"baseline","harm_future+trust_science",2,0.158228166389552
"baseline","harm_future+policy_support",2,0.146496110454019
"baseline","weather_risk_prep+social_norms",2,0.149861059787307
"baseline","weather_risk_prep+trust_science",2,0.126974665135874
"baseline","weather_risk_prep+policy_support",2,0.108985479479657
"baseline","social_norms+trust_science",2,0.0570726895817288
"baseline","social_norms+policy_support",2,0.0570726895817288
"baseline","trust_science+policy_support",2,0.0424371201665934
"baseline","belief_concern+harm_present+harm_future",3,0.239294142303489
"baseline","belief_concern+harm_present+weather_risk_prep",3,0.280923758901931
"baseline","belief_concern+harm_present+social_norms",3,0.262646614701823
"baseline","belief_concern+harm_present+trust_science",3,0.245191560811298
"baseline","belief_concern+harm_present+policy_support",3,0.242584307911621
"baseline","belief_concern+harm_future+weather_risk_prep",3,0.270638526315137
"baseline","belief_concern+harm_future+social_norms",3,0.248279470919824
"baseline","belief_concern+harm_future+trust_science",3,0.230824417029299
"baseline","belief_concern+harm_future+policy_support",3,0.229117282688636
"baseline","belief_concern+weather_risk_prep+social_norms",3,0.279760216392479
"baseline","belief_concern+weather_risk_prep+trust_science",3,0.262305162501954
"baseline","belief_concern+weather_risk_prep+policy_support",3,0.259697909602278
"baseline","belief_concern+social_norms+trust_science",3,0.230435444092934
"baseline","belief_concern+social_norms+policy_support",3,0.230435444092934
"baseline","belief_concern+trust_science+policy_support",3,0.215799874677799
"baseline","harm_present+harm_future+weather_risk_prep",3,0.256528225369825
"baseline","harm_present+harm_future+social_norms",3,0.252164858787153
"baseline","harm_present+harm_future+trust_science",3,0.22927846413572
"baseline","harm_present+harm_future+policy_support",3,0.217546408200187
"baseline","harm_present+weather_risk_prep+social_norms",3,0.305448933501369
"baseline","harm_present+weather_risk_prep+trust_science",3,0.282562538849936
"baseline","harm_present+weather_risk_prep+policy_support",3,0.264573353193719
"baseline","harm_present+social_norms+trust_science",3,0.252164858787153
"baseline","harm_present+social_norms+policy_support",3,0.252164858787153
"baseline","harm_present+trust_science+policy_support",3,0.237529289372018
"baseline","harm_future+weather_risk_prep+social_norms",3,0.248785640463517
"baseline","harm_future+weather_risk_prep+trust_science",3,0.225899245812083
"baseline","harm_future+weather_risk_prep+policy_support",3,0.21416718987655
"baseline","harm_future+social_norms+trust_science",3,0.181114561040985
"baseline","harm_future+social_norms+policy_support",3,0.181114561040985
"baseline","harm_future+trust_science+policy_support",3,0.16647899162585
"baseline","weather_risk_prep+social_norms+trust_science",3,0.149861059787307
"baseline","weather_risk_prep+social_norms+policy_support",3,0.149861059787307
"baseline","weather_risk_prep+trust_science+policy_support",3,0.135225490372172
"baseline","social_norms+trust_science+policy_support",3,0.0570726895817288
"confound_1of8_belief_concern_harm_future","belief_concern",1,0.0882538114609169
"confound_1of8_belief_concern_harm_future","harm_present",1,0.192928292574855
"confound_1of8_belief_concern_harm_future","harm_future",1,0.132962138783938
"confound_1of8_belief_concern_harm_future","weather_risk_prep",1,0.0926552440990719
"confound_1of8_belief_concern_harm_future","social_norms",1,0.0560943172450275
"confound_1of8_belief_concern_harm_future","trust_science",1,0.033426892181773
"confound_1of8_belief_concern_harm_future","policy_support",1,0.0152930180601021
"confound_1of8_belief_concern_harm_future","belief_concern+harm_present",2,0.227236943975227
"confound_1of8_belief_concern_harm_future","belief_concern+harm_future",2,0.221215950244855
"confound_1of8_belief_concern_harm_future","belief_concern+weather_risk_prep",2,0.160010226814008
"confound_1of8_belief_concern_harm_future","belief_concern+social_norms",2,0.12001492787579
"confound_1of8_belief_concern_harm_future","belief_concern+trust_science",2,0.102516490883955
"confound_1of8_belief_concern_harm_future","belief_concern+policy_support",2,0.0939232997026263
"confound_1of8_belief_concern_harm_future","harm_present+harm_future",2,0.201127651811982
"confound_1of8_belief_concern_harm_future","harm_present+weather_risk_prep",2,0.246517405472648
"confound_1of8_belief_concern_harm_future","harm_present+social_norms",2,0.249022609819882
"confound_1of8_belief_concern_harm_future","harm_present+trust_science",2,0.226355184756628
"confound_1of8_belief_concern_harm_future","harm_present+policy_support",2,0.208221310634957
"confound_1of8_belief_concern_harm_future","harm_future+weather_risk_prep",2,0.200354115117756
"confound_1of8_belief_concern_harm_future","harm_future+social_norms",2,0.180857096791838
"confound_1of8_belief_concern_harm_future","harm_future+trust_science",2,0.158189671728583
"confound_1of8_belief_concern_harm_future","harm_future+policy_support",2,0.146349292591747
"confound_1of8_belief_concern_harm_future","weather_risk_prep+social_norms",2,0.148749561344099
"confound_1of8_belief_concern_harm_future","weather_risk_prep+trust_science",2,0.126082136280845
"confound_1of8_belief_concern_harm_future","weather_risk_prep+policy_support",2,0.107948262159174
"confound_1of8_belief_concern_harm_future","social_norms+trust_science",2,0.0560943172450275
"confound_1of8_belief_concern_harm_future","social_norms+policy_support",2,0.0560943172450275
"confound_1of8_belief_concern_harm_future","trust_science+policy_support",2,0.0409501422597579
"confound_1of8_belief_concern_harm_future","belief_concern+harm_present+harm_future",3,0.235436303212355
"confound_1of8_belief_concern_harm_future","belief_concern+harm_present+weather_risk_prep",3,0.270850606302802
"confound_1of8_belief_concern_harm_future","belief_concern+harm_present+social_norms",3,0.2589980603901
"confound_1of8_belief_concern_harm_future","belief_concern+harm_present+trust_science",3,0.241499623398265
"confound_1of8_belief_concern_harm_future","belief_concern+harm_present+policy_support",3,0.232906432216936
"confound_1of8_belief_concern_harm_future","belief_concern+harm_future+weather_risk_prep",3,0.267709097832692
"confound_1of8_belief_concern_harm_future","belief_concern+harm_future+social_norms",3,0.244777707422601
"confound_1of8_belief_concern_harm_future","belief_concern+harm_future+trust_science",3,0.227279270430765
"confound_1of8_belief_concern_harm_future","belief_concern+harm_future+policy_support",3,0.224979574234271
"confound_1of8_belief_concern_harm_future","belief_concern+weather_risk_prep+social_norms",3,0.191771343228882
"confound_1of8_belief_concern_harm_future","belief_concern+weather_risk_prep+trust_science",3,0.174272906237046
"confound_1of8_belief_concern_harm_future","belief_concern+weather_risk_prep+policy_support",3,0.165679715055718
"confound_1of8_belief_concern_harm_future","belief_concern+social_norms+trust_science",3,0.12001492787579
"confound_1of8_belief_concern_harm_future","belief_concern+social_norms+policy_support",3,0.12001492787579
"confound_1of8_belief_concern_harm_future","belief_concern+trust_science+policy_support",3,0.104870752890521
"confound_1of8_belief_concern_harm_future","harm_present+harm_future+weather_risk_prep",3,0.254716764709776
"confound_1of8_belief_concern_harm_future","harm_present+harm_future+social_norms",3,0.249022609819882
"confound_1of8_belief_concern_harm_future","harm_present+harm_future+trust_science",3,0.226355184756628
"confound_1of8_belief_concern_harm_future","harm_present+harm_future+policy_support",3,0.214514805619791
"confound_1of8_belief_concern_harm_future","harm_present+weather_risk_prep+social_norms",3,0.302611722717676
"confound_1of8_belief_concern_harm_future","harm_present+weather_risk_prep+trust_science",3,0.279944297654421
"confound_1of8_belief_concern_harm_future","harm_present+weather_risk_prep+policy_support",3,0.26181042353275
"confound_1of8_belief_concern_harm_future","harm_present+social_norms+trust_science",3,0.249022609819882
"confound_1of8_belief_concern_harm_future","harm_present+social_norms+policy_support",3,0.249022609819882
"confound_1of8_belief_concern_harm_future","harm_present+trust_science+policy_support",3,0.233878434834612
"confound_1of8_belief_concern_harm_future","harm_future+weather_risk_prep+social_norms",3,0.248249073125655
"confound_1of8_belief_concern_harm_future","harm_future+weather_risk_prep+trust_science",3,0.225581648062401
"confound_1of8_belief_concern_harm_future","harm_future+weather_risk_prep+policy_support",3,0.213741268925564
"confound_1of8_belief_concern_harm_future","harm_future+social_norms+trust_science",3,0.180857096791838
"confound_1of8_belief_concern_harm_future","harm_future+social_norms+policy_support",3,0.180857096791838
"confound_1of8_belief_concern_harm_future","harm_future+trust_science+policy_support",3,0.165712921806568
"confound_1of8_belief_concern_harm_future","weather_risk_prep+social_norms+trust_science",3,0.148749561344099
"confound_1of8_belief_concern_harm_future","weather_risk_prep+social_norms+policy_support",3,0.148749561344099
"confound_1of8_belief_concern_harm_future","weather_risk_prep+trust_science+policy_support",3,0.13360538635883
"confound_1of8_belief_concern_harm_future","social_norms+trust_science+policy_support",3,0.0560943172450275
"confound_1of8_politics_policy_support","belief_concern",1,0.205910273925616
"confound_1of8_politics_policy_support","harm_present",1,0.195092170744145
"confound_1of8_politics_policy_support","harm_future",1,0.132193859215137
"confound_1of8_politics_policy_support","weather_risk_prep",1,0.0927883701730765
"confound_1of8_politics_policy_support","social_norms",1,0.0570726978067559
"confound_1of8_politics_policy_support","trust_science",1,0.034186291133557
"confound_1of8_politics_policy_support","policy_support",1,0.0161971071335497
"confound_1of8_politics_policy_support","belief_concern+harm_present",2,0.238121444066
"confound_1of8_politics_policy_support","belief_concern+harm_future",2,0.224927008423144
"confound_1of8_politics_policy_support","belief_concern+weather_risk_prep",2,0.255235045657032
"confound_1of8_politics_policy_support","belief_concern+social_norms",2,0.230435454454369
"confound_1of8_politics_policy_support","belief_concern+trust_science",2,0.212980392673831
"confound_1of8_politics_policy_support","belief_concern+policy_support",2,0.210373137555124
"confound_1of8_politics_policy_support","harm_present+harm_future",2,0.203244151970982
"confound_1of8_politics_policy_support","harm_present+weather_risk_prep",2,0.248376245114282
"confound_1of8_politics_policy_support","harm_present+social_norms",2,0.2521648685509
"confound_1of8_politics_policy_support","harm_present+trust_science",2,0.229278461877702
"confound_1of8_politics_policy_support","harm_present+policy_support",2,0.211289277877694
"confound_1of8_politics_policy_support","harm_future+weather_risk_prep",2,0.199864937283098
"confound_1of8_politics_policy_support","harm_future+social_norms",2,0.181114575795056
"confound_1of8_politics_policy_support","harm_future+trust_science",2,0.158228169121857
"confound_1of8_politics_policy_support","harm_future+policy_support",2,0.146496115171888
"confound_1of8_politics_policy_support","weather_risk_prep+social_norms",2,0.149861067979832
"confound_1of8_politics_policy_support","weather_risk_prep+trust_science",2,0.126974661306633
"confound_1of8_politics_policy_support","weather_risk_prep+policy_support",2,0.108985477306626
"confound_1of8_politics_policy_support","social_norms+trust_science",2,0.0570726978067559
"confound_1of8_politics_policy_support","social_norms+policy_support",2,0.0570726978067559
"confound_1of8_politics_policy_support","trust_science+policy_support",2,0.0424371172119523
"confound_1of8_politics_policy_support","belief_concern+harm_present+harm_future",3,0.239294146516325
"confound_1of8_politics_policy_support","belief_concern+harm_present+weather_risk_prep",3,0.280923762392285
"confound_1of8_politics_policy_support","belief_concern+harm_present+social_norms",3,0.262646624594753
"confound_1of8_politics_policy_support","belief_concern+harm_present+trust_science",3,0.245191562814215
"confound_1of8_politics_policy_support","belief_concern+harm_present+policy_support",3,0.242584307695508
"confound_1of8_politics_policy_support","belief_concern+harm_future+weather_risk_prep",3,0.270638534591598
"confound_1of8_politics_policy_support","belief_concern+harm_future+social_norms",3,0.248279486501571
"confound_1of8_politics_policy_support","belief_concern+harm_future+trust_science",3,0.230824424721033
"confound_1of8_politics_policy_support","belief_concern+harm_future+policy_support",3,0.229117288424672
"confound_1of8_politics_policy_support","belief_concern+weather_risk_prep+social_norms",3,0.279760226185785
"confound_1of8_politics_policy_support","belief_concern+weather_risk_prep+trust_science",3,0.262305164405247
"confound_1of8_politics_policy_support","belief_concern+weather_risk_prep+policy_support",3,0.259697909286541
"confound_1of8_politics_policy_support","belief_concern+social_norms+trust_science",3,0.230435454454369
"confound_1of8_politics_policy_support","belief_concern+social_norms+policy_support",3,0.230435454454369
"confound_1of8_politics_policy_support","belief_concern+trust_science+policy_support",3,0.215799873859566
"confound_1of8_politics_policy_support","harm_present+harm_future+weather_risk_prep",3,0.25652822634112
"confound_1of8_politics_policy_support","harm_present+harm_future+social_norms",3,0.2521648685509
"confound_1of8_politics_policy_support","harm_present+harm_future+trust_science",3,0.229278461877702
"confound_1of8_politics_policy_support","harm_present+harm_future+policy_support",3,0.217546407927733
"confound_1of8_politics_policy_support","harm_present+weather_risk_prep+social_norms",3,0.305448942921038
"confound_1of8_politics_policy_support","harm_present+weather_risk_prep+trust_science",3,0.282562536247839
"confound_1of8_politics_policy_support","harm_present+weather_risk_prep+policy_support",3,0.264573352247832
"confound_1of8_politics_policy_support","harm_present+social_norms+trust_science",3,0.2521648685509
"confound_1of8_politics_policy_support","harm_present+social_norms+policy_support",3,0.2521648685509
"confound_1of8_politics_policy_support","harm_present+trust_science+policy_support",3,0.237529287956097
"confound_1of8_politics_policy_support","harm_future+weather_risk_prep+social_norms",3,0.248785653863016
"confound_1of8_politics_policy_support","harm_future+weather_risk_prep+trust_science",3,0.225899247189817
"confound_1of8_politics_policy_support","harm_future+weather_risk_prep+policy_support",3,0.214167193239849
"confound_1of8_politics_policy_support","harm_future+social_norms+trust_science",3,0.181114575795056
"confound_1of8_politics_policy_support","harm_future+social_norms+policy_support",3,0.181114575795056
"confound_1of8_politics_policy_support","harm_future+trust_science+policy_support",3,0.166478995200252
"confound_1of8_politics_policy_support","weather_risk_prep+social_norms+trust_science",3,0.149861067979832
"confound_1of8_politics_policy_support","weather_risk_prep+social_norms+policy_support",3,0.149861067979832
"confound_1of8_politics_policy_support","weather_risk_prep+trust_science+policy_support",3,0.135225487385029
"confound_1of8_politics_policy_support","social_norms+trust_science+policy_support",3,0.0570726978067559
"confound_1of8_policy_support_social_norms","belief_concern",1,0.201272250272743
"confound_1of8_policy_support_social_norms","harm_present",1,0.18696518756387
"confound_1of8_policy_support_social_norms","harm_future",1,0.129295186014128
"confound_1of8_policy_support_social_norms","weather_risk_prep",1,0.0930759853800993
"confound_1of8_policy_support_social_norms","social_norms",1,0.0633652432558516
"confound_1of8_policy_support_social_norms","trust_science",1,0.0436997795135366
"confound_1of8_policy_support_social_norms","policy_support",1,0
"confound_1of8_policy_support_social_norms","belief_concern+harm_present",2,0.232141594603954
"confound_1of8_policy_support_social_norms","belief_concern+harm_future",2,0.219871991178749
"confound_1of8_policy_support_social_norms","belief_concern+weather_risk_prep",2,0.250749913086132
"confound_1of8_policy_support_social_norms","belief_concern+social_norms",2,0.229975332833657
"confound_1of8_policy_support_social_norms","belief_concern+trust_science",2,0.210309869091342
"confound_1of8_policy_support_social_norms","belief_concern+policy_support",2,0.201272250272743
"confound_1of8_policy_support_social_norms","harm_present+harm_future",2,0.197385731653225
"confound_1of8_policy_support_social_norms","harm_present+weather_risk_prep",2,0.240414425760687
"confound_1of8_policy_support_social_norms","harm_present+social_norms",2,0.250330430819721
"confound_1of8_policy_support_social_norms","harm_present+trust_science",2,0.230664967077406
"confound_1of8_policy_support_social_norms","harm_present+policy_support",2,0.18696518756387
"confound_1of8_policy_support_social_norms","harm_future+weather_risk_prep",2,0.197176024407589
"confound_1of8_policy_support_social_norms","harm_future+social_norms",2,0.182239885180624
"confound_1of8_policy_support_social_norms","harm_future+trust_science",2,0.162574421438309
"confound_1of8_policy_support_social_norms","harm_future+policy_support",2,0.129295186014128
"confound_1of8_policy_support_social_norms","weather_risk_prep+social_norms",2,0.156441228635951
"confound_1of8_policy_support_social_norms","weather_risk_prep+trust_science",2,0.136775764893636
"confound_1of8_policy_support_social_norms","weather_risk_prep+policy_support",2,0.0930759853800993
"confound_1of8_policy_support_social_norms","social_norms+trust_science",2,0.0633652432558516
"confound_1of8_policy_support_social_norms","social_norms+policy_support",2,0.0633652432558516
"confound_1of8_policy_support_social_norms","trust_science+policy_support",2,0.0436997795135366
"confound_1of8_policy_support_social_norms","belief_concern+harm_present+harm_future",3,0.233640640516928
"confound_1of8_policy_support_social_norms","belief_concern+harm_present+weather_risk_prep",3,0.275076586455624
"confound_1of8_policy_support_social_norms","belief_concern+harm_present+social_norms",3,0.260844677164869
"confound_1of8_policy_support_social_norms","belief_concern+harm_present+trust_science",3,0.241179213422554
"confound_1of8_policy_support_social_norms","belief_concern+harm_present+policy_support",3,0.232141594603954
"confound_1of8_policy_support_social_norms","belief_concern+harm_future+weather_risk_prep",3,0.265725209645161
"confound_1of8_policy_support_social_norms","belief_concern+harm_future+social_norms",3,0.24707602782669
"confound_1of8_policy_support_social_norms","belief_concern+harm_future+trust_science",3,0.227410564084375
"confound_1of8_policy_support_social_norms","belief_concern+harm_future+policy_support",3,0.219871991178749
"confound_1of8_policy_support_social_norms","belief_concern+weather_risk_prep+social_norms",3,0.279452995647046
"confound_1of8_policy_support_social_norms","belief_concern+weather_risk_prep+trust_science",3,0.259787531904731
"confound_1of8_policy_support_social_norms","belief_concern+weather_risk_prep+policy_support",3,0.250749913086132
"confound_1of8_policy_support_social_norms","belief_concern+social_norms+trust_science",3,0.229975332833657
"confound_1of8_policy_support_social_norms","belief_concern+social_norms+policy_support",3,0.229975332833657
"confound_1of8_policy_support_social_norms","belief_concern+trust_science+policy_support",3,0.210309869091342
"confound_1of8_policy_support_social_norms","harm_present+harm_future+weather_risk_prep",3,0.250834969850042
"confound_1of8_policy_support_social_norms","harm_present+harm_future+social_norms",3,0.250330430819721
"confound_1of8_policy_support_social_norms","harm_present+harm_future+trust_science",3,0.230664967077406
"confound_1of8_policy_support_social_norms","harm_present+harm_future+policy_support",3,0.197385731653225
"confound_1of8_policy_support_social_norms","harm_present+weather_risk_prep+social_norms",3,0.303779669016538
"confound_1of8_policy_support_social_norms","harm_present+weather_risk_prep+trust_science",3,0.284114205274223
"confound_1of8_policy_support_social_norms","harm_present+weather_risk_prep+policy_support",3,0.240414425760687
"confound_1of8_policy_support_social_norms","harm_present+social_norms+trust_science",3,0.250330430819721
"confound_1of8_policy_support_social_norms","harm_present+social_norms+policy_support",3,0.250330430819721
"confound_1of8_policy_support_social_norms","harm_present+trust_science+policy_support",3,0.230664967077406
"confound_1of8_policy_support_social_norms","harm_future+weather_risk_prep+social_norms",3,0.250120723574085
"confound_1of8_policy_support_social_norms","harm_future+weather_risk_prep+trust_science",3,0.23045525983177
"confound_1of8_policy_support_social_norms","harm_future+weather_risk_prep+policy_support",3,0.197176024407589
"confound_1of8_policy_support_social_norms","harm_future+social_norms+trust_science",3,0.182239885180624
"confound_1of8_policy_support_social_norms","harm_future+social_norms+policy_support",3,0.182239885180624
"confound_1of8_policy_support_social_norms","harm_future+trust_science+policy_support",3,0.162574421438309
"confound_1of8_policy_support_social_norms","weather_risk_prep+social_norms+trust_science",3,0.156441228635951
"confound_1of8_policy_support_social_norms","weather_risk_prep+social_norms+policy_support",3,0.156441228635951
"confound_1of8_policy_support_social_norms","weather_risk_prep+trust_science+policy_support",3,0.136775764893636
"confound_1of8_policy_support_social_norms","social_norms+trust_science+policy_support",3,0.0633652432558516
"confound_1of8_trust_science_social_norms","belief_concern",1,0.199548242128948
"confound_1of8_trust_science_social_norms","harm_present",1,0.196060164373692
"confound_1of8_trust_science_social_norms","harm_future",1,0.128583079723866
"confound_1of8_trust_science_social_norms","weather_risk_prep",1,0.0932487531174393
"confound_1of8_trust_science_social_norms","social_norms",1,0.0570994100043247
"confound_1of8_trust_science_social_norms","trust_science",1,0.0171046551066792
"confound_1of8_trust_science_social_norms","policy_support",1,0.0351382651056508
"confound_1of8_trust_science_social_norms","belief_concern+harm_present",2,0.231919245043056
"confound_1of8_trust_science_social_norms","belief_concern+harm_future",2,0.218045543705343
"confound_1of8_trust_science_social_norms","belief_concern+weather_risk_prep",2,0.249117745017346
"confound_1of8_trust_science_social_norms","belief_concern+social_norms",2,0.231322334463148
"confound_1of8_trust_science_social_norms","belief_concern+trust_science",2,0.203193787961906
"confound_1of8_trust_science_social_norms","belief_concern+policy_support",2,0.209361189564474
"confound_1of8_trust_science_social_norms","harm_present+harm_future",2,0.199985917148084
"confound_1of8_trust_science_social_norms","harm_present+weather_risk_prep",2,0.249608612250545
"confound_1of8_trust_science_social_norms","harm_present+social_norms",2,0.253159574378017
"confound_1of8_trust_science_social_norms","harm_present+trust_science",2,0.213164819480371
"confound_1of8_trust_science_social_norms","harm_present+policy_support",2,0.231198429479343
"confound_1of8_trust_science_social_norms","harm_future+weather_risk_prep",2,0.196589918216889
"confound_1of8_trust_science_social_norms","harm_future+social_norms",2,0.181756736953799
"confound_1of8_trust_science_social_norms","harm_future+trust_science",2,0.141761982056153
"confound_1of8_trust_science_social_norms","harm_future+policy_support",2,0.159795592055125
"confound_1of8_trust_science_social_norms","weather_risk_prep+social_norms",2,0.150348163121764
"confound_1of8_trust_science_social_norms","weather_risk_prep+trust_science",2,0.110353408224119
"confound_1of8_trust_science_social_norms","weather_risk_prep+policy_support",2,0.12838701822309
"confound_1of8_trust_science_social_norms","social_norms+trust_science",2,0.0570994100043247
"confound_1of8_trust_science_social_norms","social_norms+policy_support",2,0.0570994100043247
"confound_1of8_trust_science_social_norms","trust_science+policy_support",2,0.0351382651056508
"confound_1of8_trust_science_social_norms","belief_concern+harm_present+harm_future",3,0.232483983678484
"confound_1of8_trust_science_social_norms","belief_concern+harm_present+weather_risk_prep",3,0.27493392992067
"confound_1of8_trust_science_social_norms","belief_concern+harm_present+social_norms",3,0.263693337377256
"confound_1of8_trust_science_social_norms","belief_concern+harm_present+trust_science",3,0.235564790876014
"confound_1of8_trust_science_social_norms","belief_concern+harm_present+policy_support",3,0.241732192478582
"confound_1of8_trust_science_social_norms","belief_concern+harm_future+weather_risk_prep",3,0.263983874372822
"confound_1of8_trust_science_social_norms","belief_concern+harm_future+social_norms",3,0.249254897404115
"confound_1of8_trust_science_social_norms","belief_concern+harm_future+trust_science",3,0.221126350902873
"confound_1of8_trust_science_social_norms","belief_concern+harm_future+policy_support",3,0.227293752505441
"confound_1of8_trust_science_social_norms","belief_concern+weather_risk_prep+social_norms",3,0.280891837351546
"confound_1of8_trust_science_social_norms","belief_concern+weather_risk_prep+trust_science",3,0.252763290850304
"confound_1of8_trust_science_social_norms","belief_concern+weather_risk_prep+policy_support",3,0.258930692452872
"confound_1of8_trust_science_social_norms","belief_concern+social_norms+trust_science",3,0.231322334463148
"confound_1of8_trust_science_social_norms","belief_concern+social_norms+policy_support",3,0.231322334463148
"confound_1of8_trust_science_social_norms","belief_concern+trust_science+policy_support",3,0.209361189564474
"confound_1of8_trust_science_social_norms","harm_present+harm_future+weather_risk_prep",3,0.253534365024937
"confound_1of8_trust_science_social_norms","harm_present+harm_future+social_norms",3,0.253159574378017
"confound_1of8_trust_science_social_norms","harm_present+harm_future+trust_science",3,0.213164819480371
"confound_1of8_trust_science_social_norms","harm_present+harm_future+policy_support",3,0.231198429479343
"confound_1of8_trust_science_social_norms","harm_present+weather_risk_prep+social_norms",3,0.30670802225487
"confound_1of8_trust_science_social_norms","harm_present+weather_risk_prep+trust_science",3,0.266713267357224
"confound_1of8_trust_science_social_norms","harm_present+weather_risk_prep+policy_support",3,0.284746877356196
"confound_1of8_trust_science_social_norms","harm_present+social_norms+trust_science",3,0.253159574378017
"confound_1of8_trust_science_social_norms","harm_present+social_norms+policy_support",3,0.253159574378017
"confound_1of8_trust_science_social_norms","harm_present+trust_science+policy_support",3,0.231198429479343
"confound_1of8_trust_science_social_norms","harm_future+weather_risk_prep+social_norms",3,0.249763575446822
"confound_1of8_trust_science_social_norms","harm_future+weather_risk_prep+trust_science",3,0.209768820549177
"confound_1of8_trust_science_social_norms","harm_future+weather_risk_prep+policy_support",3,0.227802430548148
"confound_1of8_trust_science_social_norms","harm_future+social_norms+trust_science",3,0.181756736953799
"confound_1of8_trust_science_social_norms","harm_future+social_norms+policy_support",3,0.181756736953799
"confound_1of8_trust_science_social_norms","harm_future+trust_science+policy_support",3,0.159795592055125
"confound_1of8_trust_science_social_norms","weather_risk_prep+social_norms+trust_science",3,0.150348163121764
"confound_1of8_trust_science_social_norms","weather_risk_prep+social_norms+policy_support",3,0.150348163121764
"confound_1of8_trust_science_social_norms","weather_risk_prep+trust_science+policy_support",3,0.12838701822309
"confound_1of8_trust_science_social_norms","social_norms+trust_science+policy_support",3,0.0570994100043247
"confound_1of8_harm_present_weather_risk_prep","belief_concern",1,0.206623251511002
"confound_1of8_harm_present_weather_risk_prep","harm_present",1,0.155354885274597
"confound_1of8_harm_present_weather_risk_prep","harm_future",1,0.102684353251575
"confound_1of8_harm_present_weather_risk_prep","weather_risk_prep",1,0.0931096629985981
"confound_1of8_harm_present_weather_risk_prep","social_norms",1,0.0572702993346699
"confound_1of8_harm_present_weather_risk_prep","trust_science",1,0.0343046629161073
"confound_1of8_harm_present_weather_risk_prep","policy_support",1,0.0162531896599099
"confound_1of8_harm_present_weather_risk_prep","belief_concern+harm_present",2,0.231629193041996
"confound_1of8_harm_present_weather_risk_prep","belief_concern+harm_future",2,0.221394900575445
"confound_1of8_harm_present_weather_risk_prep","belief_concern+weather_risk_prep",2,0.256118816870011
"confound_1of8_harm_present_weather_risk_prep","belief_concern+social_norms",2,0.231233340717864
"confound_1of8_harm_present_weather_risk_prep","belief_concern+trust_science",2,0.213717850973279
"confound_1of8_harm_present_weather_risk_prep","belief_concern+policy_support",2,0.211101570120367
"confound_1of8_harm_present_weather_risk_prep","harm_present+harm_future",2,0.163535093284356
"confound_1of8_harm_present_weather_risk_prep","harm_present+weather_risk_prep",2,0.248464548273196
"confound_1of8_harm_present_weather_risk_prep","harm_present+social_norms",2,0.212625184609267
"confound_1of8_harm_present_weather_risk_prep","harm_present+trust_science",2,0.189659548190705
"confound_1of8_harm_present_weather_risk_prep","harm_present+policy_support",2,0.171608074934507
"confound_1of8_harm_present_weather_risk_prep","harm_future+weather_risk_prep",2,0.195794016250173
"confound_1of8_harm_present_weather_risk_prep","harm_future+social_norms",2,0.151774444576486
"confound_1of8_harm_present_weather_risk_prep","harm_future+trust_science",2,0.128808808157923
"confound_1of8_harm_present_weather_risk_prep","harm_future+policy_support",2,0.117036130182606
"confound_1of8_harm_present_weather_risk_prep","weather_risk_prep+social_norms",2,0.150379962333268
"confound_1of8_harm_present_weather_risk_prep","weather_risk_prep+trust_science",2,0.127414325914705
"confound_1of8_harm_present_weather_risk_prep","weather_risk_prep+policy_support",2,0.109362852658508
"confound_1of8_harm_present_weather_risk_prep","social_norms+trust_science",2,0.0572702993346699
"confound_1of8_harm_present_weather_risk_prep","social_norms+policy_support",2,0.0572702993346699
"confound_1of8_harm_present_weather_risk_prep","trust_science+policy_support",2,0.0425840550086731
"confound_1of8_harm_present_weather_risk_prep","belief_concern+harm_present+harm_future",3,0.232805956182318
"confound_1of8_harm_present_weather_risk_prep","belief_concern+harm_present+weather_risk_prep",3,0.281124758401004
"confound_1of8_harm_present_weather_risk_prep","belief_concern+harm_present+social_norms",3,0.256239282248857
"confound_1of8_harm_present_weather_risk_prep","belief_concern+harm_present+trust_science",3,0.238723792504272
"confound_1of8_harm_present_weather_risk_prep","belief_concern+harm_present+policy_support",3,0.23610751165136
"confound_1of8_harm_present_weather_risk_prep","belief_concern+harm_future+weather_risk_prep",3,0.270890465934454
"confound_1of8_harm_present_weather_risk_prep","belief_concern+harm_future+social_norms",3,0.244828226641984
"confound_1of8_harm_present_weather_risk_prep","belief_concern+harm_future+trust_science",3,0.2273127368974
"confound_1of8_harm_present_weather_risk_prep","belief_concern+harm_future+policy_support",3,0.225599691615436
"confound_1of8_harm_present_weather_risk_prep","belief_concern+weather_risk_prep+social_norms",3,0.280728906076872
"confound_1of8_harm_present_weather_risk_prep","belief_concern+weather_risk_prep+trust_science",3,0.263213416332287
"confound_1of8_harm_present_weather_risk_prep","belief_concern+weather_risk_prep+policy_support",3,0.260597135479375
"confound_1of8_harm_present_weather_risk_prep","belief_concern+social_norms+trust_science",3,0.231233340717864
"confound_1of8_harm_present_weather_risk_prep","belief_concern+social_norms+policy_support",3,0.231233340717864
"confound_1of8_harm_present_weather_risk_prep","belief_concern+trust_science+policy_support",3,0.216547096391867
"confound_1of8_harm_present_weather_risk_prep","harm_present+harm_future+weather_risk_prep",3,0.256644756282955
"confound_1of8_harm_present_weather_risk_prep","harm_present+harm_future+social_norms",3,0.212625184609267
"confound_1of8_harm_present_weather_risk_prep","harm_present+harm_future+trust_science",3,0.189659548190705
"confound_1of8_harm_present_weather_risk_prep","harm_present+harm_future+policy_support",3,0.177886870215387
"confound_1of8_harm_present_weather_risk_prep","harm_present+weather_risk_prep+social_norms",3,0.305734847607866
"confound_1of8_harm_present_weather_risk_prep","harm_present+weather_risk_prep+trust_science",3,0.282769211189303
"confound_1of8_harm_present_weather_risk_prep","harm_present+weather_risk_prep+policy_support",3,0.264717737933105
"confound_1of8_harm_present_weather_risk_prep","harm_present+social_norms+trust_science",3,0.212625184609267
"confound_1of8_harm_present_weather_risk_prep","harm_present+social_norms+policy_support",3,0.212625184609267
"confound_1of8_harm_present_weather_risk_prep","harm_present+trust_science+policy_support",3,0.197938940283271
"confound_1of8_harm_present_weather_risk_prep","harm_future+weather_risk_prep+social_norms",3,0.244884107575084
"confound_1of8_harm_present_weather_risk_prep","harm_future+weather_risk_prep+trust_science",3,0.221918471156521
"confound_1of8_harm_present_weather_risk_prep","harm_future+weather_risk_prep+policy_support",3,0.210145793181204
"confound_1of8_harm_present_weather_risk_prep","harm_future+social_norms+trust_science",3,0.151774444576486
"confound_1of8_harm_present_weather_risk_prep","harm_future+social_norms+policy_support",3,0.151774444576486
"confound_1of8_harm_present_weather_risk_prep","harm_future+trust_science+policy_support",3,0.137088200250489
"confound_1of8_harm_present_weather_risk_prep","weather_risk_prep+social_norms+trust_science",3,0.150379962333268
"confound_1of8_harm_present_weather_risk_prep","weather_risk_prep+social_norms+policy_support",3,0.150379962333268
"confound_1of8_harm_present_weather_risk_prep","weather_risk_prep+trust_science+policy_support",3,0.135693718007271
"confound_1of8_harm_present_weather_risk_prep","social_norms+trust_science+policy_support",3,0.0572702993346699
"confound_1of8_belief_concern_weather_risk_prep","belief_concern",1,0.197435599127042
"confound_1of8_belief_concern_weather_risk_prep","harm_present",1,0.197559060790539
"confound_1of8_belief_concern_weather_risk_prep","harm_future",1,0.133755117596628
"confound_1of8_belief_concern_weather_risk_prep","weather_risk_prep",1,0.0929443333474068
"confound_1of8_belief_concern_weather_risk_prep","social_norms",1,0.0570529576790728
"confound_1of8_belief_concern_weather_risk_prep","trust_science",1,0.0341691252413373
"confound_1of8_belief_concern_weather_risk_prep","policy_support",1,0.0161884927070767
"confound_1of8_belief_concern_weather_risk_prep","belief_concern+harm_present",2,0.230083196147471
"confound_1of8_belief_concern_weather_risk_prep","belief_concern+harm_future",2,0.21669474998653
"confound_1of8_belief_concern_weather_risk_prep","belief_concern+weather_risk_prep",2,0.255274315770594
"confound_1of8_belief_concern_weather_risk_prep","belief_concern+social_norms",2,0.221964421449183
"confound_1of8_belief_concern_weather_risk_prep","belief_concern+trust_science",2,0.204508028315908
"confound_1of8_belief_concern_weather_risk_prep","belief_concern+policy_support",2,0.201898279343639
"confound_1of8_belief_concern_weather_risk_prep","harm_present+harm_future",2,0.205706454786789
"confound_1of8_belief_concern_weather_risk_prep","harm_present+weather_risk_prep",2,0.248447902627941
"confound_1of8_belief_concern_weather_risk_prep","harm_present+social_norms",2,0.254612018469612
"confound_1of8_belief_concern_weather_risk_prep","harm_present+trust_science",2,0.231728186031876
"confound_1of8_belief_concern_weather_risk_prep","harm_present+policy_support",2,0.213747553497616
"confound_1of8_belief_concern_weather_risk_prep","harm_future+weather_risk_prep",2,0.199960639105547
"confound_1of8_belief_concern_weather_risk_prep","harm_future+social_norms",2,0.182660681279451
"confound_1of8_belief_concern_weather_risk_prep","harm_future+trust_science",2,0.159776848841716
"confound_1of8_belief_concern_weather_risk_prep","harm_future+policy_support",2,0.148049824884902
"confound_1of8_belief_concern_weather_risk_prep","weather_risk_prep+social_norms",2,0.14999729102648
"confound_1of8_belief_concern_weather_risk_prep","weather_risk_prep+trust_science",2,0.127113458588744
"confound_1of8_belief_concern_weather_risk_prep","weather_risk_prep+policy_support",2,0.109132826054484
"confound_1of8_belief_concern_weather_risk_prep","social_norms+trust_science",2,0.0570529576790728
"confound_1of8_belief_concern_weather_risk_prep","social_norms+policy_support",2,0.0570529576790728
"confound_1of8_belief_concern_weather_risk_prep","trust_science+policy_support",2,0.0424153248440058
"confound_1of8_belief_concern_weather_risk_prep","belief_concern+harm_present+harm_future",3,0.231256324270753
"confound_1of8_belief_concern_weather_risk_prep","belief_concern+harm_present+weather_risk_prep",3,0.280972037984873
"confound_1of8_belief_concern_weather_risk_prep","belief_concern+harm_present+social_norms",3,0.254612018469612
"confound_1of8_belief_concern_weather_risk_prep","belief_concern+harm_present+trust_science",3,0.237155625336336
"confound_1of8_belief_concern_weather_risk_prep","belief_concern+harm_present+policy_support",3,0.234545876364067
"confound_1of8_belief_concern_weather_risk_prep","belief_concern+harm_future+weather_risk_prep",3,0.270683394795418
"confound_1of8_belief_concern_weather_risk_prep","belief_concern+harm_future+social_norms",3,0.240050444185389
"confound_1of8_belief_concern_weather_risk_prep","belief_concern+harm_future+trust_science",3,0.222594051052114
"confound_1of8_belief_concern_weather_risk_prep","belief_concern+harm_future+policy_support",3,0.220884747559415
"confound_1of8_belief_concern_weather_risk_prep","belief_concern+weather_risk_prep+social_norms",3,0.279803138092735
"confound_1of8_belief_concern_weather_risk_prep","belief_concern+weather_risk_prep+trust_science",3,0.262346744959459
"confound_1of8_belief_concern_weather_risk_prep","belief_concern+weather_risk_prep+policy_support",3,0.259736995987191
"confound_1of8_belief_concern_weather_risk_prep","belief_concern+social_norms+trust_science",3,0.221964421449183
"confound_1of8_belief_concern_weather_risk_prep","belief_concern+social_norms+policy_support",3,0.221964421449183
"confound_1of8_belief_concern_weather_risk_prep","belief_concern+trust_science+policy_support",3,0.207326788614116
"confound_1of8_belief_concern_weather_risk_prep","harm_present+harm_future+weather_risk_prep",3,0.256595296624191
"confound_1of8_belief_concern_weather_risk_prep","harm_present+harm_future+social_norms",3,0.254612018469612
"confound_1of8_belief_concern_weather_risk_prep","harm_present+harm_future+trust_science",3,0.231728186031876
"confound_1of8_belief_concern_weather_risk_prep","harm_present+harm_future+policy_support",3,0.220001162075062
"confound_1of8_belief_concern_weather_risk_prep","harm_present+weather_risk_prep+social_norms",3,0.305500860307014
"confound_1of8_belief_concern_weather_risk_prep","harm_present+weather_risk_prep+trust_science",3,0.282617027869278
"confound_1of8_belief_concern_weather_risk_prep","harm_present+weather_risk_prep+policy_support",3,0.264636395335018
"confound_1of8_belief_concern_weather_risk_prep","harm_present+social_norms+trust_science",3,0.254612018469612
"confound_1of8_belief_concern_weather_risk_prep","harm_present+social_norms+policy_support",3,0.254612018469612
"confound_1of8_belief_concern_weather_risk_prep","harm_present+trust_science+policy_support",3,0.239974385634545
"confound_1of8_belief_concern_weather_risk_prep","harm_future+weather_risk_prep+social_norms",3,0.24886620278837
"confound_1of8_belief_concern_weather_risk_prep","harm_future+weather_risk_prep+trust_science",3,0.225982370350634
"confound_1of8_belief_concern_weather_risk_prep","harm_future+weather_risk_prep+policy_support",3,0.21425534639382
"confound_1of8_belief_concern_weather_risk_prep","harm_future+social_norms+trust_science",3,0.182660681279451
"confound_1of8_belief_concern_weather_risk_prep","harm_future+social_norms+policy_support",3,0.182660681279451
"confound_1of8_belief_concern_weather_risk_prep","harm_future+trust_science+policy_support",3,0.168023048444384
"confound_1of8_belief_concern_weather_risk_prep","weather_risk_prep+social_norms+trust_science",3,0.14999729102648
"confound_1of8_belief_concern_weather_risk_prep","weather_risk_prep+social_norms+policy_support",3,0.14999729102648
"confound_1of8_belief_concern_weather_risk_prep","weather_risk_prep+trust_science+policy_support",3,0.135359658191413
"confound_1of8_belief_concern_weather_risk_prep","social_norms+trust_science+policy_support",3,0.0570529576790728
"confound_1of8_social_norms_climate_behavior","belief_concern",1,0.199543134005375
"confound_1of8_social_norms_climate_behavior","harm_present",1,0.226402234241411
"confound_1of8_social_norms_climate_behavior","harm_future",1,0.143949172843746
"confound_1of8_social_norms_climate_behavior","weather_risk_prep",1,0.0931409865195775
"confound_1of8_social_norms_climate_behavior","social_norms",1,0
"confound_1of8_social_norms_climate_behavior","trust_science",1,0
"confound_1of8_social_norms_climate_behavior","policy_support",1,0
"confound_1of8_social_norms_climate_behavior","belief_concern+harm_present",2,0.236923824624855
"confound_1of8_social_norms_climate_behavior","belief_concern+harm_future",2,0.220250917769385
"confound_1of8_social_norms_climate_behavior","belief_concern+weather_risk_prep",2,0.249055345205163
"confound_1of8_social_norms_climate_behavior","belief_concern+social_norms",2,0.199543134005375
"confound_1of8_social_norms_climate_behavior","belief_concern+trust_science",2,0.199543134005375
"confound_1of8_social_norms_climate_behavior","belief_concern+policy_support",2,0.199543134005375
"confound_1of8_social_norms_climate_behavior","harm_present+harm_future",2,0.226402234241411
"confound_1of8_social_norms_climate_behavior","harm_present+weather_risk_prep",2,0.279888795686435
"confound_1of8_social_norms_climate_behavior","harm_present+social_norms",2,0.226402234241411
"confound_1of8_social_norms_climate_behavior","harm_present+trust_science",2,0.226402234241411
"confound_1of8_social_norms_climate_behavior","harm_present+policy_support",2,0.226402234241411
"confound_1of8_social_norms_climate_behavior","harm_future+weather_risk_prep",2,0.211877414850433
"confound_1of8_social_norms_climate_behavior","harm_future+social_norms",2,0.143949172843746
"confound_1of8_social_norms_climate_behavior","harm_future+trust_science",2,0.143949172843746
"confound_1of8_social_norms_climate_behavior","harm_future+policy_support",2,0.143949172843746
"confound_1of8_social_norms_climate_behavior","weather_risk_prep+social_norms",2,0.0931409865195775
"confound_1of8_social_norms_climate_behavior","weather_risk_prep+trust_science",2,0.0931409865195775
"confound_1of8_social_norms_climate_behavior","weather_risk_prep+policy_support",2,0.0931409865195775
"confound_1of8_social_norms_climate_behavior","social_norms+trust_science",2,0
"confound_1of8_social_norms_climate_behavior","social_norms+policy_support",2,0
"confound_1of8_social_norms_climate_behavior","trust_science+policy_support",2,0
"confound_1of8_social_norms_climate_behavior","belief_concern+harm_present+harm_future",3,0.236923824624855
"confound_1of8_social_norms_climate_behavior","belief_concern+harm_present+weather_risk_prep",3,0.279888795686435
"confound_1of8_social_norms_climate_behavior","belief_concern+harm_present+social_norms",3,0.236923824624855
"confound_1of8_social_norms_climate_behavior","belief_concern+harm_present+trust_science",3,0.236923824624855
"confound_1of8_social_norms_climate_behavior","belief_concern+harm_present+policy_support",3,0.236923824624855
"confound_1of8_social_norms_climate_behavior","belief_concern+harm_future+weather_risk_prep",3,0.266136153897653
"confound_1of8_social_norms_climate_behavior","belief_concern+harm_future+social_norms",3,0.220250917769385
"confound_1of8_social_norms_climate_behavior","belief_concern+harm_future+trust_science",3,0.220250917769385
"confound_1of8_social_norms_climate_behavior","belief_concern+harm_future+policy_support",3,0.220250917769385
"confound_1of8_social_norms_climate_behavior","belief_concern+weather_risk_prep+social_norms",3,0.249055345205163
"confound_1of8_social_norms_climate_behavior","belief_concern+weather_risk_prep+trust_science",3,0.249055345205163
"confound_1of8_social_norms_climate_behavior","belief_concern+weather_risk_prep+policy_support",3,0.249055345205163
"confound_1of8_social_norms_climate_behavior","belief_concern+social_norms+trust_science",3,0.199543134005375
"confound_1of8_social_norms_climate_behavior","belief_concern+social_norms+policy_support",3,0.199543134005375
"confound_1of8_social_norms_climate_behavior","belief_concern+trust_science+policy_support",3,0.199543134005375
"confound_1of8_social_norms_climate_behavior","harm_present+harm_future+weather_risk_prep",3,0.279888795686435
"confound_1of8_social_norms_climate_behavior","harm_present+harm_future+social_norms",3,0.226402234241411
"confound_1of8_social_norms_climate_behavior","harm_present+harm_future+trust_science",3,0.226402234241411
"confound_1of8_social_norms_climate_behavior","harm_present+harm_future+policy_support",3,0.226402234241411
"confound_1of8_social_norms_climate_behavior","harm_present+weather_risk_prep+social_norms",3,0.279888795686435
"confound_1of8_social_norms_climate_behavior","harm_present+weather_risk_prep+trust_science",3,0.279888795686435
"confound_1of8_social_norms_climate_behavior","harm_present+weather_risk_prep+policy_support",3,0.279888795686435
"confound_1of8_social_norms_climate_behavior","harm_present+social_norms+trust_science",3,0.226402234241411
"confound_1of8_social_norms_climate_behavior","harm_present+social_norms+policy_support",3,0.226402234241411
"confound_1of8_social_norms_climate_behavior","harm_present+trust_science+policy_support",3,0.226402234241411
"confound_1of8_social_norms_climate_behavior","harm_future+weather_risk_prep+social_norms",3,0.211877414850433
"confound_1of8_social_norms_climate_behavior","harm_future+weather_risk_prep+trust_science",3,0.211877414850433
"confound_1of8_social_norms_climate_behavior","harm_future+weather_risk_prep+policy_support",3,0.211877414850433
"confound_1of8_social_norms_climate_behavior","harm_future+social_norms+trust_science",3,0.143949172843746
"confound_1of8_social_norms_climate_behavior","harm_future+social_norms+policy_support",3,0.143949172843746
"confound_1of8_social_norms_climate_behavior","harm_future+trust_science+policy_support",3,0.143949172843746
"confound_1of8_social_norms_climate_behavior","weather_risk_prep+social_norms+trust_science",3,0.0931409865195775
"confound_1of8_social_norms_climate_behavior","weather_risk_prep+social_norms+policy_support",3,0.0931409865195775
"confound_1of8_social_norms_climate_behavior","weather_risk_prep+trust_science+policy_support",3,0.0931409865195775
"confound_1of8_social_norms_climate_behavior","social_norms+trust_science+policy_support",3,0
"confound_1of8_weather_risk_prep_climate_behavior","belief_concern",1,0.20288634143328
"confound_1of8_weather_risk_prep_climate_behavior","harm_present",1,0.202769185728658
"confound_1of8_weather_risk_prep_climate_behavior","harm_future",1,0.137337561827742
"confound_1of8_weather_risk_prep_climate_behavior","weather_risk_prep",1,0
"confound_1of8_weather_risk_prep_climate_behavior","social_norms",1,0.0589109727856879
"confound_1of8_weather_risk_prep_climate_behavior","trust_science",1,0.0352874199767899
"confound_1of8_weather_risk_prep_climate_behavior","policy_support",1,0.0167188107311471
"confound_1of8_weather_risk_prep_climate_behavior","belief_concern+harm_present",2,0.236365041339576
"confound_1of8_weather_risk_prep_climate_behavior","belief_concern+harm_future",2,0.222643017611393
"confound_1of8_weather_risk_prep_climate_behavior","belief_concern+weather_risk_prep",2,0.20288634143328
"confound_1of8_weather_risk_prep_climate_behavior","belief_concern+social_norms",2,0.228201458608049
"confound_1of8_weather_risk_prep_climate_behavior","belief_concern+trust_science",2,0.210184187573798
"confound_1of8_weather_risk_prep_climate_behavior","belief_concern+policy_support",2,0.207492956126686
"confound_1of8_weather_risk_prep_climate_behavior","harm_present+harm_future",2,0.211183738751905
"confound_1of8_weather_risk_prep_climate_behavior","harm_present+weather_risk_prep",2,0.202769185728658
"confound_1of8_weather_risk_prep_climate_behavior","harm_present+social_norms",2,0.261680158514346
"confound_1of8_weather_risk_prep_climate_behavior","harm_present+trust_science",2,0.238056605705448
"confound_1of8_weather_risk_prep_climate_behavior","harm_present+policy_support",2,0.219487996459805
"confound_1of8_weather_risk_prep_climate_behavior","harm_future+weather_risk_prep",2,0.137337561827742
"confound_1of8_weather_risk_prep_climate_behavior","harm_future+social_norms",2,0.187833981590183
"confound_1of8_weather_risk_prep_climate_behavior","harm_future+trust_science",2,0.164210428781285
"confound_1of8_weather_risk_prep_climate_behavior","harm_future+policy_support",2,0.152100488526794
"confound_1of8_weather_risk_prep_climate_behavior","weather_risk_prep+social_norms",2,0.0589109727856879
"confound_1of8_weather_risk_prep_climate_behavior","weather_risk_prep+trust_science",2,0.0352874199767899
"confound_1of8_weather_risk_prep_climate_behavior","weather_risk_prep+policy_support",2,0.0167188107311471
"confound_1of8_weather_risk_prep_climate_behavior","social_norms+trust_science",2,0.0589109727856879
"confound_1of8_weather_risk_prep_climate_behavior","social_norms+policy_support",2,0.0589109727856879
"confound_1of8_weather_risk_prep_climate_behavior","trust_science+policy_support",2,0.0438040004675722
"confound_1of8_weather_risk_prep_climate_behavior","belief_concern+harm_present+harm_future",3,0.237575515714186
"confound_1of8_weather_risk_prep_climate_behavior","belief_concern+harm_present+weather_risk_prep",3,0.236365041339576
"confound_1of8_weather_risk_prep_climate_behavior","belief_concern+harm_present+social_norms",3,0.261680158514346
"confound_1of8_weather_risk_prep_climate_behavior","belief_concern+harm_present+trust_science",3,0.243662887480094
"confound_1of8_weather_risk_prep_climate_behavior","belief_concern+harm_present+policy_support",3,0.240971656032982
"confound_1of8_weather_risk_prep_climate_behavior","belief_concern+harm_future+weather_risk_prep",3,0.222643017611393
"confound_1of8_weather_risk_prep_climate_behavior","belief_concern+harm_future+social_norms",3,0.246747660411553
"confound_1of8_weather_risk_prep_climate_behavior","belief_concern+harm_future+trust_science",3,0.228730389377301
"confound_1of8_weather_risk_prep_climate_behavior","belief_concern+harm_future+policy_support",3,0.226968268874797
"confound_1of8_weather_risk_prep_climate_behavior","belief_concern+weather_risk_prep+social_norms",3,0.228201458608049
"confound_1of8_weather_risk_prep_climate_behavior","belief_concern+weather_risk_prep+trust_science",3,0.210184187573798
"confound_1of8_weather_risk_prep_climate_behavior","belief_concern+weather_risk_prep+policy_support",3,0.207492956126686
"confound_1of8_weather_risk_prep_climate_behavior","belief_concern+social_norms+trust_science",3,0.228201458608049
"confound_1of8_weather_risk_prep_climate_behavior","belief_concern+social_norms+policy_support",3,0.228201458608049
"confound_1of8_weather_risk_prep_climate_behavior","belief_concern+trust_science+policy_support",3,0.213094486289934
"confound_1of8_weather_risk_prep_climate_behavior","harm_present+harm_future+weather_risk_prep",3,0.211183738751905
"confound_1of8_weather_risk_prep_climate_behavior","harm_present+harm_future+social_norms",3,0.261680158514346
"confound_1of8_weather_risk_prep_climate_behavior","harm_present+harm_future+trust_science",3,0.238056605705448
"confound_1of8_weather_risk_prep_climate_behavior","harm_present+harm_future+policy_support",3,0.225946665450957
"confound_1of8_weather_risk_prep_climate_behavior","harm_present+weather_risk_prep+social_norms",3,0.261680158514346
"confound_1of8_weather_risk_prep_climate_behavior","harm_present+weather_risk_prep+trust_science",3,0.238056605705448
"confound_1of8_weather_risk_prep_climate_behavior","harm_present+weather_risk_prep+policy_support",3,0.219487996459805
"confound_1of8_weather_risk_prep_climate_behavior","harm_present+social_norms+trust_science",3,0.261680158514346
"confound_1of8_weather_risk_prep_climate_behavior","harm_present+social_norms+policy_support",3,0.261680158514346
"confound_1of8_weather_risk_prep_climate_behavior","harm_present+trust_science+policy_support",3,0.24657318619623
"confound_1of8_weather_risk_prep_climate_behavior","harm_future+weather_risk_prep+social_norms",3,0.187833981590183
"confound_1of8_weather_risk_prep_climate_behavior","harm_future+weather_risk_prep+trust_science",3,0.164210428781285
"confound_1of8_weather_risk_prep_climate_behavior","harm_future+weather_risk_prep+policy_support",3,0.152100488526794
"confound_1of8_weather_risk_prep_climate_behavior","harm_future+social_norms+trust_science",3,0.187833981590183
"confound_1of8_weather_risk_prep_climate_behavior","harm_future+social_norms+policy_support",3,0.187833981590183
"confound_1of8_weather_risk_prep_climate_behavior","harm_future+trust_science+policy_support",3,0.172727009272067
"confound_1of8_weather_risk_prep_climate_behavior","weather_risk_prep+social_norms+trust_science",3,0.0589109727856879
"confound_1of8_weather_risk_prep_climate_behavior","weather_risk_prep+social_norms+policy_support",3,0.0589109727856879
"confound_1of8_weather_risk_prep_climate_behavior","weather_risk_prep+trust_science+policy_support",3,0.0438040004675722
"confound_1of8_weather_risk_prep_climate_behavior","social_norms+trust_science+policy_support",3,0.0589109727856879
"confound_all8","belief_concern",1,0.0504265185729213
"confound_all8","harm_present",1,0.172072448062162
"confound_all8","harm_future",1,0.107118658436483
"confound_all8","weather_risk_prep",1,0
"confound_all8","social_norms",1,0
"confound_all8","trust_science",1,0
"confound_all8","policy_support",1,0
"confound_all8","belief_concern+harm_present",2,0.172072448062162
"confound_all8","belief_concern+harm_future",2,0.157545177009405
"confound_all8","belief_concern+weather_risk_prep",2,0.0504265185729213
"confound_all8","belief_concern+social_norms",2,0.0504265185729213
"confound_all8","belief_concern+trust_science",2,0.0504265185729213
"confound_all8","belief_concern+policy_support",2,0.0504265185729213
"confound_all8","harm_present+harm_future",2,0.172072448062162
"confound_all8","harm_present+weather_risk_prep",2,0.172072448062162
"confound_all8","harm_present+social_norms",2,0.172072448062162
"confound_all8","harm_present+trust_science",2,0.172072448062162
"confound_all8","harm_present+policy_support",2,0.172072448062162
"confound_all8","harm_future+weather_risk_prep",2,0.107118658436483
"confound_all8","harm_future+social_norms",2,0.107118658436483
"confound_all8","harm_future+trust_science",2,0.107118658436483
"confound_all8","harm_future+policy_support",2,0.107118658436483
"confound_all8","weather_risk_prep+social_norms",2,0
"confound_all8","weather_risk_prep+trust_science",2,0
"confound_all8","weather_risk_prep+policy_support",2,0
"confound_all8","social_norms+trust_science",2,0
"confound_all8","social_norms+policy_support",2,0
"confound_all8","trust_science+policy_support",2,0
"confound_all8","belief_concern+harm_present+harm_future",3,0.172072448062162
"confound_all8","belief_concern+harm_present+weather_risk_prep",3,0.172072448062162
"confound_all8","belief_concern+harm_present+social_norms",3,0.172072448062162
"confound_all8","belief_concern+harm_present+trust_science",3,0.172072448062162
"confound_all8","belief_concern+harm_present+policy_support",3,0.172072448062162
"confound_all8","belief_concern+harm_future+weather_risk_prep",3,0.157545177009405
"confound_all8","belief_concern+harm_future+social_norms",3,0.157545177009405
"confound_all8","belief_concern+harm_future+trust_science",3,0.157545177009405
"confound_all8","belief_concern+harm_future+policy_support",3,0.157545177009405
"confound_all8","belief_concern+weather_risk_prep+social_norms",3,0.0504265185729213
"confound_all8","belief_concern+weather_risk_prep+trust_science",3,0.0504265185729213
"confound_all8","belief_concern+weather_risk_prep+policy_support",3,0.0504265185729213
"confound_all8","belief_concern+social_norms+trust_science",3,0.0504265185729213
"confound_all8","belief_concern+social_norms+policy_support",3,0.0504265185729213
"confound_all8","belief_concern+trust_science+policy_support",3,0.0504265185729213
"confound_all8","harm_present+harm_future+weather_risk_prep",3,0.172072448062162
"confound_all8","harm_present+harm_future+social_norms",3,0.172072448062162
"confound_all8","harm_present+harm_future+trust_science",3,0.172072448062162
"confound_all8","harm_present+harm_future+policy_support",3,0.172072448062162
"confound_all8","harm_present+weather_risk_prep+social_norms",3,0.172072448062162
"confound_all8","harm_present+weather_risk_prep+trust_science",3,0.172072448062162
"confound_all8","harm_present+weather_risk_prep+policy_support",3,0.172072448062162
"confound_all8","harm_present+social_norms+trust_science",3,0.172072448062162
"confound_all8","harm_present+social_norms+policy_support",3,0.172072448062162
"confound_all8","harm_present+trust_science+policy_support",3,0.172072448062162
"confound_all8","harm_future+weather_risk_prep+social_norms",3,0.107118658436483
"confound_all8","harm_future+weather_risk_prep+trust_science",3,0.107118658436483
"confound_all8","harm_future+weather_risk_prep+policy_support",3,0.107118658436483
"confound_all8","harm_future+social_norms+trust_science",3,0.107118658436483
"confound_all8","harm_future+social_norms+policy_support",3,0.107118658436483
"confound_all8","harm_future+trust_science+policy_support",3,0.107118658436483
"confound_all8","weather_risk_prep+social_norms+trust_science",3,0
"confound_all8","weather_risk_prep+social_norms+policy_support",3,0
"confound_all8","weather_risk_prep+trust_science+policy_support",3,0
"confound_all8","social_norms+trust_science+policy_support",3,0
"reverse_harmfuture_harmpresent","belief_concern",1,0.205910269493508
"reverse_harmfuture_harmpresent","harm_present",1,0.199660429440765
"reverse_harmfuture_harmpresent","harm_future",1,0.00815198145018521
"reverse_harmfuture_harmpresent","weather_risk_prep",1,0.0927883702055832
"reverse_harmfuture_harmpresent","social_norms",1,0.0570726895817319
"reverse_harmfuture_harmpresent","trust_science",1,0.0341862949302948
"reverse_harmfuture_harmpresent","policy_support",1,0.0161971092740783
"reverse_harmfuture_harmpresent","belief_concern+harm_present",2,0.238875693901639
"reverse_harmfuture_harmpresent","belief_concern+harm_future",2,0.207082971694613
"reverse_harmfuture_harmpresent","belief_concern+weather_risk_prep",2,0.255235041793055
"reverse_harmfuture_harmpresent","belief_concern+social_norms",2,0.230435444092948
"reverse_harmfuture_harmpresent","belief_concern+trust_science",2,0.212980390202419
"reverse_harmfuture_harmpresent","belief_concern+policy_support",2,0.210373137302744
"reverse_harmfuture_harmpresent","harm_present+harm_future",2,0.203244150655617
"reverse_harmfuture_harmpresent","harm_present+weather_risk_prep",2,0.252944504154984
"reverse_harmfuture_harmpresent","harm_present+social_norms",2,0.252164858787163
"reverse_harmfuture_harmpresent","harm_present+trust_science",2,0.229278464135726
"reverse_harmfuture_harmpresent","harm_present+policy_support",2,0.214795689413464
"reverse_harmfuture_harmpresent","harm_future+weather_risk_prep",2,0.100940351655768
"reverse_harmfuture_harmpresent","harm_future+social_norms",2,0.0570726895817319
"reverse_harmfuture_harmpresent","harm_future+trust_science",2,0.0341862949302948
"reverse_harmfuture_harmpresent","harm_future+policy_support",2,0.0224542389947629
"reverse_harmfuture_harmpresent","weather_risk_prep+social_norms",2,0.149861059787315
"reverse_harmfuture_harmpresent","weather_risk_prep+trust_science",2,0.126974665135878
"reverse_harmfuture_harmpresent","weather_risk_prep+policy_support",2,0.108985479479662
"reverse_harmfuture_harmpresent","social_norms+trust_science",2,0.0570726895817319
"reverse_harmfuture_harmpresent","social_norms+policy_support",2,0.0570726895817319
"reverse_harmfuture_harmpresent","trust_science+policy_support",2,0.0424371201665931
"reverse_harmfuture_harmpresent","belief_concern+harm_present+harm_future",3,0.239294142303499
"reverse_harmfuture_harmpresent","belief_concern+harm_present+weather_risk_prep",3,0.281678012701188
"reverse_harmfuture_harmpresent","belief_concern+harm_present+social_norms",3,0.262646614701834
"reverse_harmfuture_harmpresent","belief_concern+harm_present+trust_science",3,0.245191560811305
"reverse_harmfuture_harmpresent","belief_concern+harm_present+policy_support",3,0.243163242480242
"reverse_harmfuture_harmpresent","belief_concern+harm_future+weather_risk_prep",3,0.256407743994159
"reverse_harmfuture_harmpresent","belief_concern+harm_future+social_norms",3,0.230435444092948
"reverse_harmfuture_harmpresent","belief_concern+harm_future+trust_science",3,0.212980390202419
"reverse_harmfuture_harmpresent","belief_concern+harm_future+policy_support",3,0.211273255861757
"reverse_harmfuture_harmpresent","belief_concern+weather_risk_prep+social_norms",3,0.279760216392494
"reverse_harmfuture_harmpresent","belief_concern+weather_risk_prep+trust_science",3,0.262305162501966
"reverse_harmfuture_harmpresent","belief_concern+weather_risk_prep+policy_support",3,0.259697909602291
"reverse_harmfuture_harmpresent","belief_concern+social_norms+trust_science",3,0.230435444092948
"reverse_harmfuture_harmpresent","belief_concern+social_norms+policy_support",3,0.230435444092948
"reverse_harmfuture_harmpresent","belief_concern+trust_science+policy_support",3,0.215799874677809
"reverse_harmfuture_harmpresent","harm_present+harm_future+weather_risk_prep",3,0.256528225369836
"reverse_harmfuture_harmpresent","harm_present+harm_future+social_norms",3,0.252164858787163
"reverse_harmfuture_harmpresent","harm_present+harm_future+trust_science",3,0.229278464135726
"reverse_harmfuture_harmpresent","harm_present+harm_future+policy_support",3,0.217546408200194
"reverse_harmfuture_harmpresent","harm_present+weather_risk_prep+social_norms",3,0.305448933501382
"reverse_harmfuture_harmpresent","harm_present+weather_risk_prep+trust_science",3,0.282562538849945
"reverse_harmfuture_harmpresent","harm_present+weather_risk_prep+policy_support",3,0.268079764127684
"reverse_harmfuture_harmpresent","harm_present+social_norms+trust_science",3,0.252164858787163
"reverse_harmfuture_harmpresent","harm_present+social_norms+policy_support",3,0.252164858787163
"reverse_harmfuture_harmpresent","harm_present+trust_science+policy_support",3,0.237529289372025
"reverse_harmfuture_harmpresent","harm_future+weather_risk_prep+social_norms",3,0.149861059787315
"reverse_harmfuture_harmpresent","harm_future+weather_risk_prep+trust_science",3,0.126974665135878
"reverse_harmfuture_harmpresent","harm_future+weather_risk_prep+policy_support",3,0.115242609200346
"reverse_harmfuture_harmpresent","harm_future+social_norms+trust_science",3,0.0570726895817319
"reverse_harmfuture_harmpresent","harm_future+social_norms+policy_support",3,0.0570726895817319
"reverse_harmfuture_harmpresent","harm_future+trust_science+policy_support",3,0.0424371201665931
"reverse_harmfuture_harmpresent","weather_risk_prep+social_norms+trust_science",3,0.149861059787315
"reverse_harmfuture_harmpresent","weather_risk_prep+social_norms+policy_support",3,0.149861059787315
"reverse_harmfuture_harmpresent","weather_risk_prep+trust_science+policy_support",3,0.135225490372176
"reverse_harmfuture_harmpresent","social_norms+trust_science+policy_support",3,0.0570726895817319
"drop_harmfuture_trustscience","belief_concern",1,0.206133015661338
"drop_harmfuture_trustscience","harm_present",1,0.195303212749647
"drop_harmfuture_trustscience","harm_future",1,0.124176055400577
"drop_harmfuture_trustscience","weather_risk_prep",1,0.092888745256975
"drop_harmfuture_trustscience","social_norms",1,0.057134428721423
"drop_harmfuture_trustscience","trust_science",1,0.0342232764087163
"drop_harmfuture_trustscience","policy_support",1,0.0162146307120795
"drop_harmfuture_trustscience","belief_concern+harm_present",2,0.238379031131688
"drop_harmfuture_trustscience","belief_concern+harm_future",2,0.223996345501156
"drop_harmfuture_trustscience","belief_concern+weather_risk_prep",2,0.25551114568819
"drop_harmfuture_trustscience","belief_concern+social_norms",2,0.230684720694014
"drop_harmfuture_trustscience","belief_concern+trust_science",2,0.213210784567194
"drop_harmfuture_trustscience","belief_concern+policy_support",2,0.210600711237079
"drop_harmfuture_trustscience","harm_present+harm_future",2,0.195303212749647
"drop_harmfuture_trustscience","harm_present+weather_risk_prep",2,0.248644928219124
"drop_harmfuture_trustscience","harm_present+social_norms",2,0.25243764147107
"drop_harmfuture_trustscience","harm_present+trust_science",2,0.229526489158363
"drop_harmfuture_trustscience","harm_present+policy_support",2,0.211517843461726
"drop_harmfuture_trustscience","harm_future+weather_risk_prep",2,0.191920338911725
"drop_harmfuture_trustscience","harm_future+social_norms",2,0.181310484122
"drop_harmfuture_trustscience","harm_future+trust_science",2,0.158399331809293
"drop_harmfuture_trustscience","harm_future+policy_support",2,0.140390686112656
"drop_harmfuture_trustscience","weather_risk_prep+social_norms",2,0.150023173978398
"drop_harmfuture_trustscience","weather_risk_prep+trust_science",2,0.127112021665691
"drop_harmfuture_trustscience","weather_risk_prep+policy_support",2,0.109103375969054
"drop_harmfuture_trustscience","social_norms+trust_science",2,0.057134428721423
"drop_harmfuture_trustscience","social_norms+policy_support",2,0.057134428721423
"drop_harmfuture_trustscience","trust_science+policy_support",2,0.0424830270847575
"drop_harmfuture_trustscience","belief_concern+harm_present+harm_future",3,0.238379031131688
"drop_harmfuture_trustscience","belief_concern+harm_present+weather_risk_prep",3,0.281227651907871
"drop_harmfuture_trustscience","belief_concern+harm_present+social_norms",3,0.262930736164364
"drop_harmfuture_trustscience","belief_concern+harm_present+trust_science",3,0.245456800037543
"drop_harmfuture_trustscience","belief_concern+harm_present+policy_support",3,0.242846726707429
"drop_harmfuture_trustscience","belief_concern+harm_future+weather_risk_prep",3,0.269757322346893
"drop_harmfuture_trustscience","belief_concern+harm_future+social_norms",3,0.248548050533831
"drop_harmfuture_trustscience","belief_concern+harm_future+trust_science",3,0.231074114407011
"drop_harmfuture_trustscience","belief_concern+harm_future+policy_support",3,0.228464041076897
"drop_harmfuture_trustscience","belief_concern+weather_risk_prep+social_norms",3,0.280062850720865
"drop_harmfuture_trustscience","belief_concern+weather_risk_prep+trust_science",3,0.262588914594045
"drop_harmfuture_trustscience","belief_concern+weather_risk_prep+policy_support",3,0.25997884126393
"drop_harmfuture_trustscience","belief_concern+social_norms+trust_science",3,0.230684720694014
"drop_harmfuture_trustscience","belief_concern+social_norms+policy_support",3,0.230684720694014
"drop_harmfuture_trustscience","belief_concern+trust_science+policy_support",3,0.216033319057348
"drop_harmfuture_trustscience","harm_present+harm_future+weather_risk_prep",3,0.248644928219124
"drop_harmfuture_trustscience","harm_present+harm_future+social_norms",3,0.25243764147107
"drop_harmfuture_trustscience","harm_present+harm_future+trust_science",3,0.229526489158363
"drop_harmfuture_trustscience","harm_present+harm_future+policy_support",3,0.211517843461726
"drop_harmfuture_trustscience","harm_present+weather_risk_prep+social_norms",3,0.305779356940547
"drop_harmfuture_trustscience","harm_present+weather_risk_prep+trust_science",3,0.28286820462784
"drop_harmfuture_trustscience","harm_present+weather_risk_prep+policy_support",3,0.264859558931203
"drop_harmfuture_trustscience","harm_present+social_norms+trust_science",3,0.25243764147107
"drop_harmfuture_trustscience","harm_present+social_norms+policy_support",3,0.25243764147107
"drop_harmfuture_trustscience","harm_present+trust_science+policy_support",3,0.237786239834404
"drop_harmfuture_trustscience","harm_future+weather_risk_prep+social_norms",3,0.249054767633148
"drop_harmfuture_trustscience","harm_future+weather_risk_prep+trust_science",3,0.226143615320441
"drop_harmfuture_trustscience","harm_future+weather_risk_prep+policy_support",3,0.208134969623804
"drop_harmfuture_trustscience","harm_future+social_norms+trust_science",3,0.181310484122
"drop_harmfuture_trustscience","harm_future+social_norms+policy_support",3,0.181310484122
"drop_harmfuture_trustscience","harm_future+trust_science+policy_support",3,0.166659082485334
"drop_harmfuture_trustscience","weather_risk_prep+social_norms+trust_science",3,0.150023173978398
"drop_harmfuture_trustscience","weather_risk_prep+social_norms+policy_support",3,0.150023173978398
"drop_harmfuture_trustscience","weather_risk_prep+trust_science+policy_support",3,0.135371772341733
"drop_harmfuture_trustscience","social_norms+trust_science+policy_support",3,0.057134428721423
