scenario,target_label,target_size,ate_climate_behavior
combo_0,belief_concern,1,0.20213119958321188
combo_0,harm_present,1,0.19163479489107782
combo_0,weather_risk_prep,1,0.0874440189559572
combo_0,social_norms,1,0.05096247545803553
combo_0,trust_science,1,0.029345525027996013
combo_0,policy_support,1,0.01070957928541343
combo_0,belief_concern+harm_present,2,0.23530896544233512
combo_0,belief_concern+weather_risk_prep,2,0.2533273998687189
combo_0,belief_concern+social_norms,2,0.22899046287605068
combo_0,belief_concern+trust_science,2,0.20966709011578186
combo_0,belief_concern+policy_support,2,0.20738825147111697
combo_0,harm_present+weather_risk_prep,2,0.24672975829639499
combo_0,harm_present+social_norms,2,0.2510351572144976
combo_0,harm_present+trust_science,2,0.2267023513447404
combo_0,harm_present+policy_support,2,0.20862624356692824
combo_0,weather_risk_prep+social_norms,2,0.14668099904679685
combo_0,weather_risk_prep+trust_science,2,0.12427230846710365
combo_0,weather_risk_prep+policy_support,2,0.10576240180739177
combo_0,social_norms+trust_science,2,0.05432550634902914
combo_0,social_norms+policy_support,2,0.0537030616812771
combo_0,trust_science+policy_support,2,0.03833627855126369
combo_0,belief_concern+harm_present+weather_risk_prep,3,0.28599630861849856
combo_0,belief_concern+harm_present+social_norms,3,0.26745313343331933
combo_0,belief_concern+harm_present+trust_science,3,0.24981300275885582
combo_0,belief_concern+harm_present+policy_support,3,0.2471527632317358
combo_0,belief_concern+weather_risk_prep+social_norms,3,0.2855341745626849
combo_0,belief_concern+weather_risk_prep+trust_science,3,0.26702743290377673
combo_0,belief_concern+weather_risk_prep+policy_support,3,0.26466272759687076
combo_0,belief_concern+social_norms+trust_science,3,0.23449849006640291
combo_0,belief_concern+social_norms+policy_support,3,0.23492254302547208
combo_0,belief_concern+trust_science+policy_support,3,0.2198111034719876
combo_0,harm_present+weather_risk_prep+social_norms,3,0.31147763202094186
combo_0,harm_present+weather_risk_prep+trust_science,3,0.2878755905903042
combo_0,harm_present+weather_risk_prep+policy_support,3,0.26979948281249205
combo_0,harm_present+social_norms+trust_science,3,0.25696723736391897
combo_0,harm_present+social_norms+policy_support,3,0.25696723736391897
combo_0,harm_present+trust_science+policy_support,3,0.24227985076950365
combo_0,weather_risk_prep+social_norms+trust_science,3,0.15459980118926392
combo_0,weather_risk_prep+social_norms+policy_support,3,0.15410339560438246
combo_0,weather_risk_prep+trust_science+policy_support,3,0.13934133783061803
combo_0,social_norms+trust_science+policy_support,3,0.06025758649845053
combo_1,belief_concern,1,0.20277391364418296
combo_1,harm_present,1,0.19204557171325182
combo_1,weather_risk_prep,1,0.08763302475741332
combo_1,social_norms,1,0.051221420284575714
combo_1,trust_science,1,0.029538219319509347
combo_1,policy_support,1,0.010820619803555807
combo_1,belief_concern+harm_present,2,0.23701439007851077
combo_1,belief_concern+weather_risk_prep,2,0.2541853026415495
combo_1,belief_concern+social_norms,2,0.2287033013793226
combo_1,belief_concern+trust_science,2,0.2103796450844546
combo_1,belief_concern+policy_support,2,0.20704748293148786
combo_1,harm_present+weather_risk_prep,2,0.24724636254833401
combo_1,harm_present+social_norms,2,0.25170487886321175
combo_1,harm_present+trust_science,2,0.22730582245842756
combo_1,harm_present+policy_support,2,0.20914806090724444
combo_1,weather_risk_prep+social_norms,2,0.14712894967479295
combo_1,weather_risk_prep+trust_science,2,0.12465400856007294
combo_1,weather_risk_prep+policy_support,2,0.10606244812699009
combo_1,social_norms+trust_science,2,0.054584451175569426
combo_1,social_norms+policy_support,2,0.05396200650781738
combo_1,trust_science+policy_support,2,0.038595223377800345
combo_1,belief_concern+harm_present+weather_risk_prep,3,0.2877017332546767
combo_1,belief_concern+harm_present+social_norms,3,0.2682286825117957
combo_1,belief_concern+harm_present+trust_science,3,0.251588268302733
combo_1,belief_concern+harm_present+policy_support,3,0.2478747052673111
combo_1,belief_concern+weather_risk_prep+social_norms,3,0.285462201777816
combo_1,belief_concern+weather_risk_prep+trust_science,3,0.2679551765843088
combo_1,belief_concern+weather_risk_prep+policy_support,3,0.26453714776910087
combo_1,belief_concern+social_norms+trust_science,3,0.23421132856967466
combo_1,belief_concern+social_norms+policy_support,3,0.2346353815287438
combo_1,belief_concern+trust_science+policy_support,3,0.21952394197525582
combo_1,harm_present+weather_risk_prep+social_norms,3,0.31225318109942085
combo_1,harm_present+weather_risk_prep+trust_science,3,0.28858488913375624
combo_1,harm_present+weather_risk_prep+policy_support,3,0.27042712758257315
combo_1,harm_present+social_norms+trust_science,3,0.2576369590126329
combo_1,harm_present+social_norms+policy_support,3,0.2576369590126329
combo_1,harm_present+trust_science+policy_support,3,0.24294957241821405
combo_1,weather_risk_prep+social_norms+trust_science,3,0.15504775181725988
combo_1,weather_risk_prep+social_norms+policy_support,3,0.15455134623237854
combo_1,weather_risk_prep+trust_science+policy_support,3,0.13978928845861047
combo_1,social_norms+trust_science+policy_support,3,0.06051653132499059
combo_2,belief_concern,1,0.19653732610969066
combo_2,harm_present,1,0.18254297351083748
combo_2,weather_risk_prep,1,0.08756279217637761
combo_2,social_norms,1,0.057805672826614855
combo_2,trust_science,1,0.038027129554822
combo_2,policy_support,1,-0.007065244551867774
combo_2,belief_concern+harm_present,2,0.22794109291304504
combo_2,belief_concern+weather_risk_prep,2,0.24720271887313883
combo_2,belief_concern+social_norms,2,0.22615705148769077
combo_2,belief_concern+trust_science,2,0.20570712525082052
combo_2,belief_concern+policy_support,2,0.1979291066145971
combo_2,harm_present+weather_risk_prep,2,0.23711921915673184
combo_2,harm_present+social_norms,2,0.24681405074525167
combo_2,harm_present+trust_science,2,0.22677051201429058
combo_2,harm_present+policy_support,2,0.183934754015744
combo_2,weather_risk_prep+social_norms,2,0.15246365430208875
combo_2,weather_risk_prep+trust_science,2,0.1325586812150908
combo_2,weather_risk_prep+policy_support,2,0.0889545726812841
combo_2,social_norms+trust_science,2,0.05829903084310381
combo_2,social_norms+policy_support,2,0.059197453331521356
combo_2,trust_science+policy_support,2,0.03941891005972844
combo_2,belief_concern+harm_present+weather_risk_prep,3,0.27957182847632284
combo_2,belief_concern+harm_present+social_norms,3,0.2653750414919622
combo_2,belief_concern+harm_present+trust_science,3,0.245105648745733
combo_2,belief_concern+harm_present+policy_support,3,0.2354108313418953
combo_2,belief_concern+weather_risk_prep+social_norms,3,0.28439533915699533
combo_2,belief_concern+weather_risk_prep+trust_science,3,0.26403154577663407
combo_2,belief_concern+weather_risk_prep+policy_support,3,0.254672457301989
combo_2,belief_concern+social_norms+trust_science,3,0.23379324974001936
combo_2,belief_concern+social_norms+policy_support,3,0.233626789916541
combo_2,belief_concern+trust_science+policy_support,3,0.21317686367967079
combo_2,harm_present+weather_risk_prep+social_norms,3,0.3089631912970023
combo_2,harm_present+weather_risk_prep+trust_science,3,0.28891965256604124
combo_2,harm_present+weather_risk_prep+policy_support,3,0.2445889575855821
combo_2,harm_present+social_norms+trust_science,3,0.2548566365034894
combo_2,harm_present+social_norms+policy_support,3,0.2542837891741019
combo_2,harm_present+trust_science+policy_support,3,0.23424025044314084
combo_2,weather_risk_prep+social_norms+trust_science,3,0.160403477409229
combo_2,weather_risk_prep+social_norms+policy_support,3,0.159933392730939
combo_2,weather_risk_prep+trust_science+policy_support,3,0.14002841964394103
combo_2,social_norms+trust_science+policy_support,3,0.06576876927195402
combo_3,belief_concern,1,0.19617601840921603
combo_3,harm_present,1,0.1829370642046501
combo_3,weather_risk_prep,1,0.08775233817559455
combo_3,social_norms,1,0.05805174521579483
combo_3,trust_science,1,0.03827328484391682
combo_3,policy_support,1,-0.007065242532043274
combo_3,belief_concern+harm_present,2,0.22859825833816788
combo_3,belief_concern+weather_risk_prep,2,0.2470572178257916
combo_3,belief_concern+social_norms,2,0.22588489267309492
combo_3,belief_concern+trust_science,2,0.20543504625860243
combo_3,belief_concern+policy_support,2,0.19756779851623782
combo_3,harm_present+weather_risk_prep,2,0.23761942583364953
combo_3,harm_present+social_norms,2,0.24745420986609665
combo_3,harm_present+trust_science,2,0.22741075167522273
combo_3,harm_present+policy_support,2,0.1843288443116719
combo_3,weather_risk_prep+social_norms,2,0.15289927116167093
combo_3,weather_risk_prep+trust_science,2,0.13299438105703532
combo_3,weather_risk_prep+policy_support,2,0.08914411828261636
combo_3,social_norms+trust_science,2,0.05854510486365845
combo_3,social_norms+policy_support,2,0.05944352532281659
combo_3,trust_science+policy_support,2,0.039665064950938585
combo_3,belief_concern+harm_present+weather_risk_prep,3,0.28022895125259184
combo_3,belief_concern+harm_present+social_norms,3,0.2661213540220471
combo_3,belief_concern+harm_present+trust_science,3,0.24585204270587574
combo_3,belief_concern+harm_present+policy_support,3,0.2360679946315561
combo_3,belief_concern+weather_risk_prep+social_norms,3,0.2843389842821774
combo_3,belief_concern+weather_risk_prep+trust_science,3,0.2639752706680249
combo_3,belief_concern+weather_risk_prep+policy_support,3,0.2545269541191798
combo_3,belief_concern+social_norms+trust_science,3,0.23352108769834437
combo_3,belief_concern+social_norms+policy_support,3,0.2333546289664831
combo_3,belief_concern+trust_science+policy_support,3,0.2129047825519906
combo_3,harm_present+weather_risk_prep+social_norms,3,0.3097094636876031
combo_3,harm_present+weather_risk_prep+trust_science,3,0.28966600549672916
combo_3,harm_present+weather_risk_prep+policy_support,3,0.24508916212703774
combo_3,harm_present+social_norms+trust_science,3,0.2554967931149647
combo_3,harm_present+social_norms+policy_support,3,0.2549239461594848
combo_3,harm_present+trust_science+policy_support,3,0.23488048796861094
combo_3,weather_risk_prep+social_norms+trust_science,3,0.16083909326928392
combo_3,weather_risk_prep+social_norms+policy_support,3,0.16036900745505914
combo_3,weather_risk_prep+trust_science+policy_support,3,0.14046411735042355
combo_3,social_norms+trust_science+policy_support,3,0.06601484115704662
combo_4,belief_concern,1,0.2070266949701339
combo_4,harm_present,1,0.2341625014567429
combo_4,weather_risk_prep,1,0.1003756544401849
combo_4,social_norms,1,0
combo_4,trust_science,1,0.0035363999535518225
combo_4,policy_support,1,0.002806634095631224
combo_4,belief_concern+harm_present,2,0.25101935367796735
combo_4,belief_concern+weather_risk_prep,2,0.2659906191605736
combo_4,belief_concern+social_norms,2,0.2070266949701339
combo_4,belief_concern+trust_science,2,0.21238270879196258
combo_4,belief_concern+policy_support,2,0.21287987647209788
combo_4,harm_present+weather_risk_prep,2,0.2972177026633632
combo_4,harm_present+social_norms,2,0.2341625014567429
combo_4,harm_present+trust_science,2,0.24001568295870687
combo_4,harm_present+policy_support,2,0.24001568295870687
combo_4,weather_risk_prep+social_norms,2,0.1003756544401849
combo_4,weather_risk_prep+trust_science,2,0.10839024468093802
combo_4,weather_risk_prep+policy_support,2,0.10779274148864824
combo_4,social_norms+trust_science,2,0.0035363999535518225
combo_4,social_norms+policy_support,2,0.002806634095631224
combo_4,trust_science+policy_support,2,0.009389581455515833
combo_4,belief_concern+harm_present+weather_risk_prep,3,0.2890756945949907
combo_4,belief_concern+harm_present+social_norms,3,0.25101935367796735
combo_4,belief_concern+harm_present+trust_science,3,0.2434766211152287
combo_4,belief_concern+harm_present+policy_support,3,0.2434766211152287
combo_4,belief_concern+weather_risk_prep+social_norms,3,0.2659906191605736
combo_4,belief_concern+weather_risk_prep+trust_science,3,0.25744155001533653
combo_4,belief_concern+weather_risk_prep+policy_support,3,0.2578486110922011
combo_4,belief_concern+social_norms+trust_science,3,0.21238270879196258
combo_4,belief_concern+social_norms+policy_support,3,0.21287987647209788
combo_4,belief_concern+trust_science+policy_support,3,0.20483997622922387
combo_4,harm_present+weather_risk_prep+social_norms,3,0.2972177026633632
combo_4,harm_present+weather_risk_prep+trust_science,3,0.2890756945949907
combo_4,harm_present+weather_risk_prep+policy_support,3,0.2890756945949907
combo_4,harm_present+social_norms+trust_science,3,0.24001568295870687
combo_4,harm_present+social_norms+policy_support,3,0.24001568295870687
combo_4,harm_present+trust_science+policy_support,3,0.23247295039596816
combo_4,weather_risk_prep+social_norms+trust_science,3,0.10839024468093802
combo_4,weather_risk_prep+social_norms+policy_support,3,0.10779274148864824
combo_4,weather_risk_prep+trust_science+policy_support,3,0.1002482366125655
combo_4,social_norms+trust_science+policy_support,3,0.009389581455515833
combo_5,belief_concern,1,0.2063734085504502
combo_5,harm_present,1,0.23464410394380672
combo_5,weather_risk_prep,1,0.10057399300748307
combo_5,social_norms,1,0
combo_5,trust_science,1,0.003536399953551971
combo_5,policy_support,1,0.002806634095631321
combo_5,belief_concern+harm_present,2,0.25161200916254906
combo_5,belief_concern+weather_risk_prep,2,0.2655631470835201
combo_5,belief_concern+social_norms,2,0.2063734085504502
combo_5,belief_concern+trust_science,2,0.2117294223722787
combo_5,belief_concern+policy_support,2,0.212226590052414
combo_5,harm_present+weather_risk_prep,2,0.2978103581479465
combo_5,harm_present+social_norms,2,0.23464410394380672
combo_5,harm_present+trust_science,2,0.24049728544577048
combo_5,harm_present+policy_support,2,0.24049728544577048
combo_5,weather_risk_prep+social_norms,2,0.10057399300748307
combo_5,weather_risk_prep+trust_science,2,0.10858858324823609
combo_5,weather_risk_prep+policy_support,2,0.10799108005594629
combo_5,social_norms+trust_science,2,0.003536399953551971
combo_5,social_norms+policy_support,2,0.002806634095631321
combo_5,trust_science+policy_support,2,0.009389581455515767
combo_5,belief_concern+harm_present+weather_risk_prep,3,0.2896683500795741
combo_5,belief_concern+harm_present+social_norms,3,0.25161200916254906
combo_5,belief_concern+harm_present+trust_science,3,0.24406927659981056
combo_5,belief_concern+harm_present+policy_support,3,0.24406927659981056
combo_5,belief_concern+weather_risk_prep+social_norms,3,0.2655631470835201
combo_5,belief_concern+weather_risk_prep+trust_science,3,0.25701407793828307
combo_5,belief_concern+weather_risk_prep+policy_support,3,0.2574211390151476
combo_5,belief_concern+social_norms+trust_science,3,0.2117294223722787
combo_5,belief_concern+social_norms+policy_support,3,0.212226590052414
combo_5,belief_concern+trust_science+policy_support,3,0.2041866898095402
combo_5,harm_present+weather_risk_prep+social_norms,3,0.2978103581479465
combo_5,harm_present+weather_risk_prep+trust_science,3,0.2896683500795741
combo_5,harm_present+weather_risk_prep+policy_support,3,0.2896683500795741
combo_5,harm_present+social_norms+trust_science,3,0.24049728544577048
combo_5,harm_present+social_norms+policy_support,3,0.24049728544577048
combo_5,harm_present+trust_science+policy_support,3,0.23295455288303196
combo_5,weather_risk_prep+social_norms+trust_science,3,0.10858858324823609
combo_5,weather_risk_prep+social_norms+policy_support,3,0.10799108005594629
combo_5,weather_risk_prep+trust_science+policy_support,3,0.1004465751798637
combo_5,social_norms+trust_science+policy_support,3,0.009389581455515767
combo_6,belief_concern,1,0.21007324237646666
combo_6,harm_present,1,0.23720904886307564
combo_6,weather_risk_prep,1,0.10498610739301702
combo_6,social_norms,1,0
combo_6,trust_science,1,0.006582947359884609
combo_6,policy_support,1,0
combo_6,belief_concern+harm_present,2,0.24066998701959746
combo_6,belief_concern+weather_risk_prep,2,0.2550419769965699
combo_6,belief_concern+social_norms,2,0.21007324237646666
combo_6,belief_concern+trust_science,2,0.20203334213359264
combo_6,belief_concern+policy_support,2,0.21007324237646666
combo_6,harm_present+weather_risk_prep,2,0.2862690604993595
combo_6,harm_present+social_norms,2,0.23720904886307564
combo_6,harm_present+trust_science,2,0.22966631630033693
combo_6,harm_present+policy_support,2,0.23720904886307564
combo_6,weather_risk_prep+social_norms,2,0.10498610739301702
combo_6,weather_risk_prep+trust_science,2,0.09744160251693428
combo_6,weather_risk_prep+policy_support,2,0.10498610739301702
combo_6,social_norms+trust_science,2,0.006582947359884609
combo_6,social_norms+policy_support,2,0
combo_6,trust_science+policy_support,2,0.006582947359884609
combo_6,belief_concern+harm_present+weather_risk_prep,3,0.28938900979103555
combo_6,belief_concern+harm_present+social_norms,3,0.24066998701959746
combo_6,belief_concern+harm_present+trust_science,3,0.24338166781026857
combo_6,belief_concern+harm_present+policy_support,3,0.24066998701959746
combo_6,belief_concern+weather_risk_prep+social_norms,3,0.2550419769965699
combo_6,belief_concern+weather_risk_prep+trust_science,3,0.25775486521138136
combo_6,belief_concern+weather_risk_prep+policy_support,3,0.2550419769965699
combo_6,belief_concern+social_norms+trust_science,3,0.20203334213359264
combo_6,belief_concern+social_norms+policy_support,3,0.21007324237646666
combo_6,belief_concern+trust_science+policy_support,3,0.20203334213359264
combo_6,harm_present+weather_risk_prep+social_norms,3,0.2862690604993595
combo_6,harm_present+weather_risk_prep+trust_science,3,0.28938900979103555
combo_6,harm_present+weather_risk_prep+policy_support,3,0.2862690604993595
combo_6,harm_present+social_norms+trust_science,3,0.22966631630033693
combo_6,harm_present+social_norms+policy_support,3,0.23720904886307564
combo_6,harm_present+trust_science+policy_support,3,0.22966631630033693
combo_6,weather_risk_prep+social_norms+trust_science,3,0.09744160251693428
combo_6,weather_risk_prep+social_norms+policy_support,3,0.10498610739301702
combo_6,weather_risk_prep+trust_science+policy_support,3,0.09744160251693428
combo_6,social_norms+trust_science+policy_support,3,0.006582947359884609
combo_7,belief_concern,1,0.2094199559567747
combo_7,harm_present,1,0.23769065135012893
combo_7,weather_risk_prep,1,0.10518444596031118
combo_7,social_norms,1,0
combo_7,trust_science,1,0.006582947359884555
combo_7,policy_support,1,0
combo_7,belief_concern+harm_present,2,0.2412626425041684
combo_7,belief_concern+weather_risk_prep,2,0.25461450491950616
combo_7,belief_concern+social_norms,2,0.2094199559567747
combo_7,belief_concern+trust_science,2,0.20138005571390075
combo_7,belief_concern+policy_support,2,0.2094199559567747
combo_7,harm_present+weather_risk_prep,2,0.28686171598393045
combo_7,harm_present+social_norms,2,0.23769065135012893
combo_7,harm_present+trust_science,2,0.23014791878739024
combo_7,harm_present+policy_support,2,0.23769065135012893
combo_7,weather_risk_prep+social_norms,2,0.10518444596031118
combo_7,weather_risk_prep+trust_science,2,0.09763994108422847
combo_7,weather_risk_prep+policy_support,2,0.10518444596031118
combo_7,social_norms+trust_science,2,0.006582947359884555
combo_7,social_norms+policy_support,2,0
combo_7,trust_science+policy_support,2,0.006582947359884555
combo_7,belief_concern+harm_present+weather_risk_prep,3,0.2899816652756065
combo_7,belief_concern+harm_present+social_norms,3,0.2412626425041684
combo_7,belief_concern+harm_present+trust_science,3,0.2439743232948395
combo_7,belief_concern+harm_present+policy_support,3,0.2412626425041684
combo_7,belief_concern+weather_risk_prep+social_norms,3,0.25461450491950616
combo_7,belief_concern+weather_risk_prep+trust_science,3,0.2573273931343177
combo_7,belief_concern+weather_risk_prep+policy_support,3,0.25461450491950616
combo_7,belief_concern+social_norms+trust_science,3,0.20138005571390075
combo_7,belief_concern+social_norms+policy_support,3,0.2094199559567747
combo_7,belief_concern+trust_science+policy_support,3,0.20138005571390075
combo_7,harm_present+weather_risk_prep+social_norms,3,0.28686171598393045
combo_7,harm_present+weather_risk_prep+trust_science,3,0.2899816652756065
combo_7,harm_present+weather_risk_prep+policy_support,3,0.28686171598393045
combo_7,harm_present+social_norms+trust_science,3,0.23014791878739024
combo_7,harm_present+social_norms+policy_support,3,0.23769065135012893
combo_7,harm_present+trust_science+policy_support,3,0.23014791878739024
combo_7,weather_risk_prep+social_norms+trust_science,3,0.09763994108422847
combo_7,weather_risk_prep+social_norms+policy_support,3,0.10518444596031118
combo_7,weather_risk_prep+trust_science+policy_support,3,0.09763994108422847
combo_7,social_norms+trust_science+policy_support,3,0.006582947359884555
combo_8,belief_concern,1,0.20153418355900138
combo_8,harm_present,1,0.19459976116815894
combo_8,weather_risk_prep,1,0.08718673654700416
combo_8,social_norms,1,0.050879701257640964
combo_8,trust_science,1,0.027446061817226603
combo_8,policy_support,1,0.009446952742464465
combo_8,belief_concern+harm_present,2,0.23556531270286102
combo_8,belief_concern+weather_risk_prep,2,0.25343647781934997
combo_8,belief_concern+social_norms,2,0.22833182628182613
combo_8,belief_concern+trust_science,2,0.2108602161858057
combo_8,belief_concern+policy_support,2,0.20814182316776447
combo_8,harm_present+weather_risk_prep,2,0.2505978829720781
combo_8,harm_present+social_norms,2,0.24940331693631
combo_8,harm_present+trust_science,2,0.22649822077173168
combo_8,harm_present+policy_support,2,0.21188763606311745
combo_8,weather_risk_prep+social_norms,2,0.14657651243942277
combo_8,weather_risk_prep+trust_science,2,0.12367141627484447
combo_8,weather_risk_prep+policy_support,2,0.10554063535129599
combo_8,social_norms+trust_science,2,0.05226266090568349
combo_8,social_norms+policy_support,2,0.05226266090568349
combo_8,trust_science+policy_support,2,0.03776374951607877
combo_8,belief_concern+harm_present+weather_risk_prep,3,0.28603289159601436
combo_8,belief_concern+harm_present+social_norms,3,0.26692255202248377
combo_8,belief_concern+harm_present+trust_science,3,0.24875399666040013
combo_8,belief_concern+harm_present+policy_support,3,0.2467031738907378
combo_8,belief_concern+weather_risk_prep+social_norms,3,0.2855977131886366
combo_8,belief_concern+weather_risk_prep+trust_science,3,0.26742915782655297
combo_8,belief_concern+weather_risk_prep+policy_support,3,0.26476122035804023
combo_8,belief_concern+social_norms+trust_science,3,0.23575422283941172
combo_8,belief_concern+social_norms+policy_support,3,0.23575422283941172
combo_8,belief_concern+trust_science+policy_support,3,0.22049575948076228
combo_8,harm_present+weather_risk_prep+social_norms,3,0.310765031386691
combo_8,harm_present+weather_risk_prep+trust_science,3,0.28716298995604955
combo_8,harm_present+weather_risk_prep+policy_support,3,0.2726028607969637
combo_8,harm_present+social_norms+trust_science,3,0.25682571349389555
combo_8,harm_present+social_norms+policy_support,3,0.25682571349389555
combo_8,harm_present+trust_science+policy_support,3,0.24156725013524613
combo_8,weather_risk_prep+social_norms+trust_science,3,0.1539989089970083
combo_8,weather_risk_prep+social_norms+policy_support,3,0.1539989089970083
combo_8,weather_risk_prep+trust_science+policy_support,3,0.13874044563835888
combo_8,social_norms+trust_science+policy_support,3,0.05968505746326898
combo_9,belief_concern,1,0.20068695461570552
combo_9,harm_present,1,0.1941974336260602
combo_9,weather_risk_prep,1,0.08720704108176856
combo_9,social_norms,1,0.05117132869898993
combo_9,trust_science,1,0.027671438723552988
combo_9,policy_support,1,0.009565590028286329
combo_9,belief_concern+harm_present,2,0.2365143583067203
combo_9,belief_concern+weather_risk_prep,2,0.25294975398442476
combo_9,belief_concern+social_norms,2,0.22652656953332634
combo_9,belief_concern+trust_science,2,0.21005467590271018
combo_9,belief_concern+policy_support,2,0.20630456789763643
combo_9,harm_present+weather_risk_prep,2,0.25030138285973696
combo_9,harm_present+social_norms,2,0.2492725891149357
combo_9,harm_present+trust_science,2,0.2263311599678256
combo_9,harm_present+policy_support,2,0.21157632705313023
combo_9,weather_risk_prep+social_norms,2,0.1468884444155362
combo_9,weather_risk_prep+trust_science,2,0.12391709771593522
combo_9,weather_risk_prep+policy_support,2,0.10567957717188224
combo_9,social_norms+trust_science,2,0.05255428834703249
combo_9,social_norms+policy_support,2,0.05255428834703249
combo_9,trust_science+policy_support,2,0.038055376957428874
combo_9,belief_concern+harm_present+weather_risk_prep,3,0.28698193719987025
combo_9,belief_concern+harm_present+social_norms,3,0.26689765163087087
combo_9,belief_concern+harm_present+trust_science,3,0.2497030422642591
combo_9,belief_concern+harm_present+policy_support,3,0.24667827349912644
combo_9,belief_concern+weather_risk_prep+social_norms,3,0.2841529615485076
combo_9,belief_concern+weather_risk_prep+trust_science,3,0.26698412265182836
combo_9,belief_concern+weather_risk_prep+policy_support,3,0.26328447019628304
combo_9,belief_concern+social_norms+trust_science,3,0.23394896609091198
combo_9,belief_concern+social_norms+policy_support,3,0.23394896609091198
combo_9,belief_concern+trust_science+policy_support,3,0.21869050273226362
combo_9,harm_present+weather_risk_prep+social_norms,3,0.3107401309950744
combo_9,harm_present+weather_risk_prep+trust_science,3,0.28710175658190135
combo_9,harm_present+weather_risk_prep+policy_support,3,0.2723973792167343
combo_9,harm_present+social_norms+trust_science,3,0.25669498567252147
combo_9,harm_present+social_norms+policy_support,3,0.25669498567252147
combo_9,harm_present+trust_science+policy_support,3,0.24143652231387308
combo_9,weather_risk_prep+social_norms+trust_science,3,0.15431084097312187
combo_9,weather_risk_prep+social_norms+policy_support,3,0.15431084097312187
combo_9,weather_risk_prep+trust_science+policy_support,3,0.1390523776144735
combo_9,social_norms+trust_science+policy_support,3,0.059976684904618154
combo_10,belief_concern,1,0.19717744038997806
combo_10,harm_present,1,0.18804773936355212
combo_10,weather_risk_prep,1,0.08783774085626218
combo_10,social_norms,1,0.05693580911951935
combo_10,trust_science,1,0.03742592760892562
combo_10,policy_support,1,-0.0070652441850996926
combo_10,belief_concern+harm_present,2,0.22877257486817776
combo_10,belief_concern+weather_risk_prep,2,0.24789037493483668
combo_10,belief_concern+social_norms,2,0.22755699336109392
combo_10,belief_concern+trust_science,2,0.2071819608997737
combo_10,belief_concern+policy_support,2,0.19856922082263495
combo_10,harm_present+weather_risk_prep,2,0.24286920741463133
combo_10,harm_present+social_norms,2,0.24728132776648326
combo_10,harm_present+trust_science,2,0.22690629530516307
combo_10,harm_present+policy_support,2,0.18943951979620907
combo_10,weather_risk_prep+social_norms,2,0.15293383247852269
combo_10,weather_risk_prep+trust_science,2,0.13255880001720247
combo_10,weather_risk_prep+policy_support,2,0.08922952128891913
combo_10,social_norms+trust_science,2,0.05832758955217632
combo_10,social_norms+policy_support,2,0.05832758955217632
combo_10,trust_science+policy_support,2,0.03881770804158263
combo_10,belief_concern+harm_present+weather_risk_prep,3,0.28042395752000826
combo_10,belief_concern+harm_present+social_norms,3,0.2648792072109155
combo_10,belief_concern+harm_present+trust_science,3,0.2448356933471262
combo_10,belief_concern+harm_present+policy_support,3,0.2362423129092619
combo_10,belief_concern+weather_risk_prep+social_norms,3,0.2850247436101197
combo_10,belief_concern+weather_risk_prep+trust_science,3,0.2649812297463304
combo_10,belief_concern+weather_risk_prep+policy_support,3,0.2553601129759209
combo_10,belief_concern+social_norms+trust_science,3,0.2350267314021781
combo_10,belief_concern+social_norms+policy_support,3,0.2350267314021781
combo_10,belief_concern+trust_science+policy_support,3,0.2146516989408579
combo_10,harm_present+weather_risk_prep+social_norms,3,0.3088576115217297
combo_10,harm_present+weather_risk_prep+trust_science,3,0.28881409765794047
combo_10,harm_present+weather_risk_prep+policy_support,3,0.2503389454557155
combo_10,harm_present+social_norms+trust_science,3,0.2547510658075675
combo_10,harm_present+social_norms+policy_support,3,0.2547510658075675
combo_10,harm_present+trust_science+policy_support,3,0.2343760333462473
combo_10,weather_risk_prep+social_norms+trust_science,3,0.16040357051960683
combo_10,weather_risk_prep+social_norms+policy_support,3,0.16040357051960683
combo_10,weather_risk_prep+trust_science+policy_support,3,0.1400285380582866
combo_10,social_norms+trust_science+policy_support,3,0.06579732759326042
combo_11,belief_concern,1,0.19540735892056088
combo_11,harm_present,1,0.18762988435901598
combo_11,weather_risk_prep,1,0.0878580904045942
combo_11,social_norms,1,0.05722442323787323
combo_11,trust_science,1,0.03771440518561828
combo_11,policy_support,1,-0.007065245259864246
combo_11,belief_concern+harm_present,2,0.22876188299004135
combo_11,belief_concern+weather_risk_prep,2,0.2464818726392821
combo_11,belief_concern+social_norms,2,0.22584040689381818
combo_11,belief_concern+trust_science,2,0.20546523128633035
combo_11,belief_concern+policy_support,2,0.19679913956493533
combo_11,harm_present+weather_risk_prep,2,0.24255746843707426
combo_11,harm_present+social_norms,2,0.24716467611499232
combo_11,harm_present+trust_science,2,0.2267895005075044
combo_11,harm_present+policy_support,2,0.18902166500339043
combo_11,weather_risk_prep+social_norms,2,0.15324279529625956
combo_11,weather_risk_prep+trust_science,2,0.1328676196887717
combo_11,weather_risk_prep+policy_support,2,0.08924987104896862
combo_11,social_norms+trust_science,2,0.0586162038822477
combo_11,social_norms+policy_support,2,0.0586162038822477
combo_11,trust_science+policy_support,2,0.039106185829992715
combo_11,belief_concern+harm_present+weather_risk_prep,3,0.280413228827387
combo_11,belief_concern+harm_present+social_norms,3,0.2648687170967028
combo_11,belief_concern+harm_present+trust_science,3,0.24482506261753734
combo_11,belief_concern+harm_present+policy_support,3,0.23623162216742158
combo_11,belief_concern+weather_risk_prep+social_norms,3,0.2836697423586075
combo_11,belief_concern+weather_risk_prep+trust_science,3,0.26362608787944203
combo_11,belief_concern+weather_risk_prep+policy_support,3,0.2539516118166624
combo_11,belief_concern+social_norms+trust_science,3,0.23331014607119838
combo_11,belief_concern+social_norms+policy_support,3,0.23331014607119838
combo_11,belief_concern+trust_science+policy_support,3,0.2129349704637106
combo_11,harm_present+weather_risk_prep+social_norms,3,0.3088470819391186
combo_11,harm_present+weather_risk_prep+trust_science,3,0.28880342745995313
combo_11,harm_present+weather_risk_prep+policy_support,3,0.2500272076144545
combo_11,harm_present+social_norms+trust_science,3,0.2546344152923726
combo_11,harm_present+social_norms+policy_support,3,0.2546344152923726
combo_11,harm_present+trust_science+policy_support,3,0.23425923968488468
combo_11,weather_risk_prep+social_norms+trust_science,3,0.16071253447363978
combo_11,weather_risk_prep+social_norms+policy_support,3,0.16071253447363978
combo_11,weather_risk_prep+trust_science+policy_support,3,0.14033735886615198
combo_11,social_norms+trust_science+policy_support,3,0.06608594305962791
combo_12,belief_concern,1,0.212483437326669
combo_12,harm_present,1,0.23847824147499552
combo_12,weather_risk_prep,1,0.10638798659522744
combo_12,social_norms,1,0
combo_12,trust_science,1,0.007417087048463295
combo_12,policy_support,1,0
combo_12,belief_concern+harm_present,2,0.2409316356248785
combo_12,belief_concern+weather_risk_prep,2,0.2566461013312901
combo_12,belief_concern+social_norms,2,0.212483437326669
combo_12,belief_concern+trust_science,2,0.20434142925829651
combo_12,belief_concern+policy_support,2,0.212483437326669
combo_12,harm_present+weather_risk_prep,2,0.2869389776056455
combo_12,harm_present+social_norms,2,0.23847824147499552
combo_12,harm_present+trust_science,2,0.23033623340662296
combo_12,harm_present+policy_support,2,0.23847824147499552
combo_12,weather_risk_prep+social_norms,2,0.10638798659522744
combo_12,weather_risk_prep+trust_science,2,0.09824597852685493
combo_12,weather_risk_prep+policy_support,2,0.10638798659522744
combo_12,social_norms+trust_science,2,0.007417087048463295
combo_12,social_norms+policy_support,2,0
combo_12,trust_science+policy_support,2,0.007417087048463295
combo_12,belief_concern+harm_present+weather_risk_prep,3,0.29005892689732155
combo_12,belief_concern+harm_present+social_norms,3,0.2409316356248785
combo_12,belief_concern+harm_present+trust_science,3,0.2440515849165546
combo_12,belief_concern+harm_present+policy_support,3,0.2409316356248785
combo_12,belief_concern+weather_risk_prep+social_norms,3,0.2566461013312901
combo_12,belief_concern+weather_risk_prep+trust_science,3,0.25976605062296615
combo_12,belief_concern+weather_risk_prep+policy_support,3,0.2566461013312901
combo_12,belief_concern+social_norms+trust_science,3,0.20434142925829651
combo_12,belief_concern+social_norms+policy_support,3,0.212483437326669
combo_12,belief_concern+trust_science+policy_support,3,0.20434142925829651
combo_12,harm_present+weather_risk_prep+social_norms,3,0.2869389776056455
combo_12,harm_present+weather_risk_prep+trust_science,3,0.29005892689732155
combo_12,harm_present+weather_risk_prep+policy_support,3,0.2869389776056455
combo_12,harm_present+social_norms+trust_science,3,0.23033623340662296
combo_12,harm_present+social_norms+policy_support,3,0.23847824147499552
combo_12,harm_present+trust_science+policy_support,3,0.23033623340662296
combo_12,weather_risk_prep+social_norms+trust_science,3,0.09824597852685493
combo_12,weather_risk_prep+social_norms+policy_support,3,0.10638798659522744
combo_12,weather_risk_prep+trust_science+policy_support,3,0.09824597852685493
combo_12,social_norms+trust_science+policy_support,3,0.007417087048463295
combo_13,belief_concern,1,0.21001198971311308
combo_13,harm_present,1,0.23798306420605903
combo_13,weather_risk_prep,1,0.10640929373133144
combo_13,social_norms,1,0
combo_13,trust_science,1,0.007417087048463323
combo_13,policy_support,1,0
combo_13,belief_concern+harm_present,2,0.24054751135345964
combo_13,belief_concern+weather_risk_prep,2,0.254552959918645
combo_13,belief_concern+social_norms,2,0.21001198971311308
combo_13,belief_concern+trust_science,2,0.20186998164474057
combo_13,belief_concern+policy_support,2,0.21001198971311308
combo_13,harm_present+weather_risk_prep,2,0.2865548533342267
combo_13,harm_present+social_norms,2,0.23798306420605903
combo_13,harm_present+trust_science,2,0.2298410561376865
combo_13,harm_present+policy_support,2,0.23798306420605903
combo_13,weather_risk_prep+social_norms,2,0.10640929373133144
combo_13,weather_risk_prep+trust_science,2,0.09826728566295888
combo_13,weather_risk_prep+policy_support,2,0.10640929373133144
combo_13,social_norms+trust_science,2,0.007417087048463323
combo_13,social_norms+policy_support,2,0
combo_13,trust_science+policy_support,2,0.007417087048463323
combo_13,belief_concern+harm_present+weather_risk_prep,3,0.2896748026259027
combo_13,belief_concern+harm_present+social_norms,3,0.24054751135345964
combo_13,belief_concern+harm_present+trust_science,3,0.24366746064513575
combo_13,belief_concern+harm_present+policy_support,3,0.24054751135345964
combo_13,belief_concern+weather_risk_prep+social_norms,3,0.254552959918645
combo_13,belief_concern+weather_risk_prep+trust_science,3,0.25767290921032115
combo_13,belief_concern+weather_risk_prep+policy_support,3,0.254552959918645
combo_13,belief_concern+social_norms+trust_science,3,0.20186998164474057
combo_13,belief_concern+social_norms+policy_support,3,0.21001198971311308
combo_13,belief_concern+trust_science+policy_support,3,0.20186998164474057
combo_13,harm_present+weather_risk_prep+social_norms,3,0.2865548533342267
combo_13,harm_present+weather_risk_prep+trust_science,3,0.2896748026259027
combo_13,harm_present+weather_risk_prep+policy_support,3,0.2865548533342267
combo_13,harm_present+social_norms+trust_science,3,0.2298410561376865
combo_13,harm_present+social_norms+policy_support,3,0.23798306420605903
combo_13,harm_present+trust_science+policy_support,3,0.2298410561376865
combo_13,weather_risk_prep+social_norms+trust_science,3,0.09826728566295888
combo_13,weather_risk_prep+social_norms+policy_support,3,0.10640929373133144
combo_13,weather_risk_prep+trust_science+policy_support,3,0.09826728566295888
combo_13,social_norms+trust_science+policy_support,3,0.007417087048463323
combo_14,belief_concern,1,0.212483437326669
combo_14,harm_present,1,0.23847824147499552
combo_14,weather_risk_prep,1,0.10638798659522744
combo_14,social_norms,1,0
combo_14,trust_science,1,0.007417087048463295
combo_14,policy_support,1,0
combo_14,belief_concern+harm_present,2,0.2409316356248785
combo_14,belief_concern+weather_risk_prep,2,0.2566461013312901
combo_14,belief_concern+social_norms,2,0.212483437326669
combo_14,belief_concern+trust_science,2,0.20434142925829651
combo_14,belief_concern+policy_support,2,0.212483437326669
combo_14,harm_present+weather_risk_prep,2,0.2869389776056455
combo_14,harm_present+social_norms,2,0.23847824147499552
combo_14,harm_present+trust_science,2,0.23033623340662296
combo_14,harm_present+policy_support,2,0.23847824147499552
combo_14,weather_risk_prep+social_norms,2,0.10638798659522744
combo_14,weather_risk_prep+trust_science,2,0.09824597852685493
combo_14,weather_risk_prep+policy_support,2,0.10638798659522744
combo_14,social_norms+trust_science,2,0.007417087048463295
combo_14,social_norms+policy_support,2,0
combo_14,trust_science+policy_support,2,0.007417087048463295
combo_14,belief_concern+harm_present+weather_risk_prep,3,0.29005892689732155
combo_14,belief_concern+harm_present+social_norms,3,0.2409316356248785
combo_14,belief_concern+harm_present+trust_science,3,0.2440515849165546
combo_14,belief_concern+harm_present+policy_support,3,0.2409316356248785
combo_14,belief_concern+weather_risk_prep+social_norms,3,0.2566461013312901
combo_14,belief_concern+weather_risk_prep+trust_science,3,0.25976605062296615
combo_14,belief_concern+weather_risk_prep+policy_support,3,0.2566461013312901
combo_14,belief_concern+social_norms+trust_science,3,0.20434142925829651
combo_14,belief_concern+social_norms+policy_support,3,0.212483437326669
combo_14,belief_concern+trust_science+policy_support,3,0.20434142925829651
combo_14,harm_present+weather_risk_prep+social_norms,3,0.2869389776056455
combo_14,harm_present+weather_risk_prep+trust_science,3,0.29005892689732155
combo_14,harm_present+weather_risk_prep+policy_support,3,0.2869389776056455
combo_14,harm_present+social_norms+trust_science,3,0.23033623340662296
combo_14,harm_present+social_norms+policy_support,3,0.23847824147499552
combo_14,harm_present+trust_science+policy_support,3,0.23033623340662296
combo_14,weather_risk_prep+social_norms+trust_science,3,0.09824597852685493
combo_14,weather_risk_prep+social_norms+policy_support,3,0.10638798659522744
combo_14,weather_risk_prep+trust_science+policy_support,3,0.09824597852685493
combo_14,social_norms+trust_science+policy_support,3,0.007417087048463295
combo_15,belief_concern,1,0.210011989713123
combo_15,harm_present,1,0.23798306420607207
combo_15,weather_risk_prep,1,0.1064092937313358
combo_15,social_norms,1,0
combo_15,trust_science,1,0.007417087048463116
combo_15,policy_support,1,0
combo_15,belief_concern+harm_present,2,0.24054751135347335
combo_15,belief_concern+weather_risk_prep,2,0.2545529599186573
combo_15,belief_concern+social_norms,2,0.210011989713123
combo_15,belief_concern+trust_science,2,0.2018699816447506
combo_15,belief_concern+policy_support,2,0.210011989713123
combo_15,harm_present+weather_risk_prep,2,0.2865548533342419
combo_15,harm_present+social_norms,2,0.23798306420607207
combo_15,harm_present+trust_science,2,0.2298410561376997
combo_15,harm_present+policy_support,2,0.23798306420607207
combo_15,weather_risk_prep+social_norms,2,0.1064092937313358
combo_15,weather_risk_prep+trust_science,2,0.09826728566296346
combo_15,weather_risk_prep+policy_support,2,0.1064092937313358
combo_15,social_norms+trust_science,2,0.007417087048463116
combo_15,social_norms+policy_support,2,0
combo_15,trust_science+policy_support,2,0.007417087048463116
combo_15,belief_concern+harm_present+weather_risk_prep,3,0.289674802625918
combo_15,belief_concern+harm_present+social_norms,3,0.24054751135347335
combo_15,belief_concern+harm_present+trust_science,3,0.2436674606451494
combo_15,belief_concern+harm_present+policy_support,3,0.24054751135347335
combo_15,belief_concern+weather_risk_prep+social_norms,3,0.2545529599186573
combo_15,belief_concern+weather_risk_prep+trust_science,3,0.2576729092103333
combo_15,belief_concern+weather_risk_prep+policy_support,3,0.2545529599186573
combo_15,belief_concern+social_norms+trust_science,3,0.2018699816447506
combo_15,belief_concern+social_norms+policy_support,3,0.210011989713123
combo_15,belief_concern+trust_science+policy_support,3,0.2018699816447506
combo_15,harm_present+weather_risk_prep+social_norms,3,0.2865548533342419
combo_15,harm_present+weather_risk_prep+trust_science,3,0.289674802625918
combo_15,harm_present+weather_risk_prep+policy_support,3,0.2865548533342419
combo_15,harm_present+social_norms+trust_science,3,0.2298410561376997
combo_15,harm_present+social_norms+policy_support,3,0.23798306420607207
combo_15,harm_present+trust_science+policy_support,3,0.2298410561376997
combo_15,weather_risk_prep+social_norms+trust_science,3,0.09826728566296346
combo_15,weather_risk_prep+social_norms+policy_support,3,0.1064092937313358
combo_15,weather_risk_prep+trust_science+policy_support,3,0.09826728566296346
combo_15,social_norms+trust_science+policy_support,3,0.007417087048463116
