"target_label","target_size","det_baseline","det_min","det_max","mc_baseline","mc_min","mc_max","diff_baseline","diff_min","diff_max"
"harm_present+weather_risk_prep+social_norms",3,0.305448933501369,0.284644881818059,0.305448933501382,0.311477632020942,0.28626906049936,0.312253181099421,-0.006,-0.0016,-0.0068
"harm_present+weather_risk_prep+trust_science",3,0.282562538849936,0.28256253884993,0.284644881818075,0.287875590590304,0.287101756581901,0.290058926897322,-0.0053,-0.0045,-0.0054
"belief_concern+harm_present+weather_risk_prep",3,0.280923758901931,0.275076496059877,0.284644881818075,0.285996308618499,0.279571828476323,0.290058926897322,-0.0051,-0.0045,-0.0054
"belief_concern+weather_risk_prep+social_norms",3,0.279760216392479,0.253724418902522,0.279760216392494,0.285534174562685,0.254552959918645,0.285597713188637,-0.0058,-8e-04,-0.0058
"harm_present+weather_risk_prep+policy_support",3,0.264573353193719,0.240414200446433,0.284644881818075,0.269799482812492,0.244588957585582,0.289668350079574,-0.0052,-0.0042,-0.005
"belief_concern+harm_present+social_norms",3,0.262646614701823,0.23972906165602,0.262646614701834,0.267453133433319,0.24054751135346,0.268228682511796,-0.0048,-8e-04,-0.0056
"belief_concern+weather_risk_prep+trust_science",3,0.262305162501954,0.253724418902522,0.26327618790654,0.267027432903777,0.257014077938283,0.267955176584309,-0.0047,-0.0033,-0.0047
"belief_concern+weather_risk_prep+policy_support",3,0.259697909602278,0.250749787478896,0.259697909602291,0.264662727596871,0.253951611816662,0.26476122035804,-0.005,-0.0032,-0.0051
"belief_concern+weather_risk_prep",2,0.255235041793041,0.250749787478896,0.256206067197629,0.253327399868719,0.246481872639282,0.265990619160574,0.0019,0.0043,-0.0098
"harm_present+social_norms",2,0.252164858787153,0.228729735524869,0.252164858787163,0.251035157214498,0.234162501456743,0.251704878863212,0.0011,-0.0054,5e-04
"harm_present+social_norms+policy_support",3,0.252164858787153,0.228729735524869,0.252164858787163,0.256967237363919,0.237209048863076,0.257636959012633,-0.0048,-0.0085,-0.0055
"harm_present+social_norms+trust_science",3,0.252164858787153,0.228729735524869,0.252164858787163,0.256967237363919,0.229666316300337,0.257636959012633,-0.0048,-9e-04,-0.0055
"harm_present+weather_risk_prep",2,0.24837624391964,0.240414200446433,0.284644881818075,0.246729758296395,0.237119219156732,0.297810358147946,0.0016,0.0033,-0.0132
"belief_concern+harm_present+trust_science",3,0.245191560811298,0.23972906165602,0.246162586215879,0.249813002758856,0.243381667810269,0.251588268302733,-0.0046,-0.0037,-0.0054
"belief_concern+harm_present+policy_support",3,0.242584307911621,0.23214146795708,0.243163242480242,0.247152763231736,0.235410831341895,0.247874705267311,-0.0046,-0.0033,-0.0047
"belief_concern+harm_present",2,0.238121440102385,0.23214146795708,0.239846719306201,0.235308965442335,0.227941092913045,0.251612009162549,0.0028,0.0042,-0.0118
"harm_present+trust_science+policy_support",3,0.237529289372018,0.228729735524869,0.237529289372025,0.242279850769504,0.229666316300337,0.242949572418214,-0.0048,-9e-04,-0.0054
"belief_concern+social_norms",2,0.230435444092934,0.201964078241648,0.230435444092948,0.228990462876051,0.20637340855045,0.228990462876051,0.0014,-0.0044,0.0014
"belief_concern+social_norms+policy_support",3,0.230435444092934,0.201964078241648,0.230435444092948,0.234922543025472,0.209419955956775,0.235754222839412,-0.0045,-0.0075,-0.0053
"belief_concern+social_norms+trust_science",3,0.230435444092934,0.201964078241648,0.230435444092948,0.234498490066403,0.201380055713901,0.235754222839412,-0.0041,6e-04,-0.0053
"harm_present+trust_science",2,0.22927846413572,0.228729735524869,0.230665115246023,0.22670235134474,0.226331159967826,0.24049728544577,0.0026,0.0024,-0.0098
"belief_concern+trust_science+policy_support",3,0.215799874677799,0.201964078241648,0.215799874677809,0.219811103471988,0.201380055713901,0.220495759480762,-0.004,6e-04,-0.0047
"belief_concern+trust_science",2,0.212980390202409,0.201964078241648,0.213951415606993,0.209667090115782,0.201380055713901,0.212382708791963,0.0033,6e-04,0.0016
"harm_present+policy_support",2,0.211289278479503,0.186964920347681,0.228729735524882,0.208626243566928,0.183934754015744,0.24049728544577,0.0027,0.003,-0.0118
"belief_concern+policy_support",2,0.210373137302733,0.201272139772873,0.210373137302744,0.207388251471117,0.196799139564935,0.212879876472098,0.003,0.0045,-0.0025
"belief_concern",1,0.205910269493496,0.201272139772873,0.206881294898082,0.202131199583212,0.195407358920561,0.212483437326669,0.0038,0.0059,-0.0056
"harm_present",1,0.195092169205424,0.186964920347681,0.228729735524882,0.191634794891078,0.182542973510837,0.238478241474996,0.0035,0.0044,-0.0097
"weather_risk_prep+social_norms",2,0.149861059787307,0.0973700926998993,0.156441947548801,0.146680999046797,0.100375654440185,0.15324279529626,0.0032,-0.003,0.0032
"weather_risk_prep+social_norms+policy_support",3,0.149861059787307,0.0973700926998993,0.156441947548801,0.154103395604382,0.104986107393017,0.16071253447364,-0.0042,-0.0076,-0.0043
"weather_risk_prep+social_norms+trust_science",3,0.149861059787307,0.0973700926998993,0.156441947548801,0.154599801189264,0.0974416025169343,0.160839093269284,-0.0047,-1e-04,-0.0044
"weather_risk_prep+trust_science+policy_support",3,0.135225490372172,0.0973700926998993,0.136776270992464,0.139341337830618,0.0974416025169343,0.140464117350424,-0.0041,-1e-04,-0.0037
"weather_risk_prep+trust_science",2,0.126974665135874,0.0973700926998993,0.136776270992464,0.124272308467104,0.0974416025169343,0.132994381057035,0.0027,-1e-04,0.0038
"weather_risk_prep+policy_support",2,0.108985479479657,0.0930759991784261,0.108985479479662,0.105762401807392,0.0889545726812841,0.107991080055946,0.0032,0.0041,0.001
"weather_risk_prep",1,0.0927883702055787,0.0927883702055771,0.0973700926999038,0.0874440189559572,0.0871867365470042,0.106409293731336,0.0053,0.0056,-0.009
"social_norms",1,0.0570726895817288,0,0.0633659340129504,0.0509624754580355,0,0.0580517452157948,0.0061,0,0.0053
"social_norms+policy_support",2,0.0570726895817288,0,0.0633659340129504,0.0537030616812771,0,0.0594435253228166,0.0034,0,0.0039
"social_norms+trust_science",2,0.0570726895817288,0,0.0633659340129504,0.0543255063490291,0.00353639995355182,0.0586162038822477,0.0027,-0.0035,0.0047
"social_norms+trust_science+policy_support",3,0.0570726895817288,0,0.0633659340129504,0.0602575864984505,0.00658294735988455,0.0660859430596279,-0.0032,-0.0066,-0.0027
"trust_science+policy_support",2,0.0424371201665934,0,0.0437002574566134,0.0383362785512637,0.00658294735988455,0.0396650649509386,0.0041,-0.0066,0.004
"trust_science",1,0.0341862949302955,0,0.0437002574566134,0.029345525027996,0.00353639995355182,0.0382732848439168,0.0048,-0.0035,0.0054
"policy_support",1,0.0161971092740782,0,0.0161971092740785,0.0107095792854134,-0.00706524525986424,0.0108206198035558,0.0055,0.0071,0.0054
